
	
	{"taskname":"NH Write To File",
	"urlparams":"filename, data",
	"actionlanguage":"perl",
	"actionfilename":"writetofile.pl",
	"taskdescription":"Synopsis:  Utility that writes data to a file\\\n\\\nInput param:  \\\nfilename = File name to write to.  MAKE SURE that the file is writable by the web server user, we recommend you write to \/var\/www\/html\/nochero\/tmp\/files\\\ndata = The data you are writing into the file.  The utility adds a new line char already\\\n\\\nOutput param:  status\\\nOutput values:  saved, <error, something like Cannot write to...>\\\n\\\nSample Params Config (fill in over on the left): \\\n{\\\n\"filename\":\"\/var\/www\/html\/nochero\/tmp\/files\/cooloutput.txt\",\\\n\"data\":\"Some data or a wfv usually\"\\\n}",
	"tasktype":"Form",
	"datatype":"JSON",
	"fieldseparator":"",
	"recordseparator":"",
	"actioncodefile":"writetofile.pl",
	"libs":[{"module1":"JSON"}]
	}

