{"index":{"_index":"scnow_incidents","_type":"incidents"}}
{"u_group_watch_list":"","u_fpoc":"false","u_capture_worklog":"VirtuOps Pilot is updating this to let you know that we are seeing High temp alarms for flight number 5899","u_is_tm_link_pingable":"false","incident_state":"8","u_mtti":"00:37:15","u_major_incident":"false","u_video_tail":"false","closed_by":"","category":"inquiry","u_defect":"no","u_pac_release_or_part_number":"","u_airline":"DAL","u_notify":"","watch_list":"","reopened_time":"","u_acpu_release_or_part_number":"","u_eb_incident_assigned":"false","work_notes":"","comments_and_work_notes":"","u_last_user_connected_date":"","u_is_atg_link_up_":"false","u_flight_departure_time":"","u_lateral_assignment":"false","u_eb_template_id":"","sys_id":"7948e93ddbbd9340352ff969af961919","u_resolved_by":"","u_nose_number":"8214","u_hardware_swap_date":"","u_batch_version_of_usb":"","u_asset_device":"R444216-1","u_resolved":"","u_incident_last_in_progress_da":"","sla_due":"","activity_due":"2018-06-29 21:55:12","u_td":"","u_level_1":"ATG","knowledge":"false","made_sla":"true","u_contact_first_name":"","u_eb_biz_rule_name":"","u_incident_date":"","u_automated_ticket":"false","reassignment_count":"0","u_incident_closed_date":"","comments":"","u_it_business_service":{"link":"https://gogodev.service-now.com/api/now/table/u_it_business_service/d7146b9bf44e30001070095e1f027ac0","value":"d7146b9bf44e30001070095e1f027ac0"},"u_firstoccurrence":"2018-05-01 15:42:35","u_eb_incident_status":"","order":"","assigned_to":{"link":"https://gogodev.service-now.com/api/now/table/sys_user/567c9026083f6400107098b55c8bb242","value":"567c9026083f6400107098b55c8bb242"},"business_duration":"","u_reported_by":"","u_aircard_release":"","child_incidents":"0","parent":"","u_seat_number":"","u_incident_assigned_date":"2018-05-01 16:19:51","active":"true","calendar_duration":"","follow_up":"","due_date":"","sys_tags":"","u_is_this_problem_seen_on_all_":"false","u_is_tm_link_up_":"false","u_priority_count":"","impact":"1","u_are_lrus_pintable":"false","u_eb_incident_state":"false","u_target_release":"","opened_by":{"link":"https://gogodev.service-now.com/api/now/table/sys_user/3fddc1a7c18070001070449a8fd09b5f","value":"3fddc1a7c18070001070449a8fd09b5f"},"u_contact_last_name":"","problem_id":"","u_customer_response_time":"","upon_approval":"proceed","u_send_to_third_party":"false","severity":"1","company":"","u_what_software_bundles_are_in":"","u_flight_number":"","notify":"1","u_assigned":"2018-05-01 16:19:51","business_stc":"","urgency":"1","u_owner":"Republic Airlines","u_eb_incident_id":"","u_contact":{"link":"https://gogodev.service-now.com/api/now/table/sys_user/d86d9aee2ba75600ceb9562be8da15a0","value":"d86d9aee2ba75600ceb9562be8da15a0"},"close_notes":"","correlation_id":"NCOMSP_AGG_P:77925646","escalation":"0","caller_id":{"link":"https://gogodev.service-now.com/api/now/table/sys_user/3fddc1a7c18070001070449a8fd09b5f","value":"3fddc1a7c18070001070449a8fd09b5f"},"u_vital_response_msg":"","work_notes_list":"","u_aircraft_type":"ERJ 175","u_phone_number":"","closed_at":"","skills":"","u_tail_number":"N214JQ","u_summary":"Airborne Outage: ATG Flt: DAL5969.  Departured from KLGA at 2018-05-01 15:37:55.0 UTC. In-Air and ASA but no current Hello traps","group_list":"","u_set_to_p1":"2018-05-01 16:19:51","u_incident_type":"Planned Outage","u_email_address":"","assignment_group":{"link":"https://gogodev.service-now.com/api/now/table/sys_user_group/b2ec8acd3c21f00010706276de4006de","value":"b2ec8acd3c21f00010706276de4006de"},"sys_mod_count":"568","sys_updated_on":"2018-06-29 19:55:18","u_it_provider_service":"","u_agent":"Impact","u_incident_in_progress_date":"","u_matt":"","u_referral_count":"","reopened_by":"","u_original_assignment_group":"","description":"Airborne Outage: ATG Flt: DAL5969.  Departured from KLGA at 2018-05-01 15:37:55.0 UTC. In-Air and ASA but no current Hello traps : DAL5974 2018-05-01 19:34:38.000 : DAL5981 2018-05-01 22:20:12.000 : DAL5986 2018-05-02 01:20:56.000 : DAL5961 2018-05-02 12:13:22.000 : DAL5966 2018-05-02 15:29:09.000 : DAL5973 2018-05-02 18:14:47.000 : DAL5978 2018-05-02 21:30:33.000 : DAL5985 2018-05-03 01:36:25.000 : DAL5962 2018-05-03 13:38:02.000 : DAL5969 2018-05-03 16:08:28.000 : DAL5974 2018-05-03 19:39:03.000 : DAL5981 2018-05-04 01:15:08.000 : DAL5986 2018-05-04 04:15:39.000 : DAL5961 2018-05-04 12:31:22.000 : DAL5966 2018-05-04 15:32:02.000 : DAL5973 2018-05-04 18:17:35.000 : DAL5978 2018-05-04 21:33:19.000 : DAL5985 2018-05-05 00:39:04.000 : DAL5966 2018-05-06 15:37:27.000 : DAL5973 2018-05-06 18:23:00.000 : DAL5978 2018-05-06 21:38:55.000 : DAL5985 2018-05-07 00:24:43.000 : DAL5962 2018-05-07 13:32:01.000 : DAL5969 2018-05-07 16:27:54.000 : DAL5974 2018-05-07 19:33:41.000 : DAL5981 2018-05-07 22:19:21.000 : DAL5986 2018-05-08 01:25:19.000 : DAL6046 2018-05-08 10:56:38.000 : DAL5900 2018-05-09 14:33:45.000 : DAL6096 2018-05-09 17:19:29.000 : DAL5986 2018-05-10 04:51:57.000 : DAL5978 2018-05-10 22:14:35.000 : DAL6014 2018-05-11 16:07:17.000 : DAL6121 2018-05-11 21:38:31.000 : DAL6119 2018-05-12 01:39:25.000 : DAL6085 2018-05-13 11:18:47.000","expected_start":"","reopen_count":"0","upon_reject":"cancel","u_external_source":"false","subcategory":"","rfc":"","u_was_any_hardware_swapped_and":"false","u_flight_arrival_time":"","u_date_of_flight":"","number":"INC0207274","sys_updated_by":"system","time_worked":"1970-01-01 00:01:43","sys_created_by":"usermon","u_jira_ticket_url":"","u_protocol_followed":"false","correlation_display":"Netcool","sys_class_name":"incident","u_alertgroup":"Impact ABS Policy","u_aacu_release_or_part_number":"0","u_primary_ci":"","u_group_sla":"false","opened_at":"2018-05-01 16:19:50","u_on_hold_reason":"","u_in_progress":"","u_level_2":"","parent_incident":"","approval_set":"","priority":"1","u_ticket_created_in_vital":"","u_submitted":"false","sys_created_on":"2018-05-01 16:19:50","state":"","u_duplicate_incident":"","u_level_3":"","u_identifier":"N214JQ: Airborne Outage: ATG Flt: DAL596","calendar_stc":"","location":"","u_transaction_number":"","u_qc_ticket":"","u_major_outage":"false","sys_domain":{"link":"https://gogodev.service-now.com/api/now/table/sys_user_group/global","value":"global"},"short_description":"Airborne Outage: ATG Flt: DAL5969.  Departured from KLGA at 2018-05-01 15:37:55.0 UTC. In-Air and ASA but no current Hello traps","work_start":"","u_created_by_tier_1":"false","user_input":"","u_customer_impacting":"true","approval_history":"","u_is_the_problem_seen_on_a_spe":"false","u_one_touch":"false","u_transaction_type":"2","u_what_lru_is_affected_":"","u_incident_last_assigned_date":"2018-05-01 16:19:50","u_reason":"","business_service":"","caused_by":"","u_kb_article":"","u_incident_state_count":"","additional_assignee_list":"","u_reopened":"false","approval":"not requested","close_code":"","contact_type":"Alarm","u_on_hold_notes":"","work_end":"","cmdb_ci":{"link":"https://gogodev.service-now.com/api/now/table/cmdb_ci/f58f15322b9bf000596098a119da1553","value":"f58f15322b9bf000596098a119da1553"},"u_jira_ticket":"","u_vendor_ticket_number":"","u_not_tier_1":"false","u_vendor":"","u_is_the_problem_limited_to_a_":"false","u_is_cld_installed_":"false"}
