{"result":[{"parent":"","u_last_user_connected_date":"","u_referral_count":"","u_eb_incident_state":"false","caused_by":"","watch_list":"","upon_reject":"cancel","sys_updated_on":"2018-06-29 19:55:18","u_resolved_by":"","approval_history":"","skills":"","u_reported_by":"","number":"INC0207274","u_acpu_release_or_part_number":"","state":"","u_contact_last_name":"","u_flight_number":"","sys_created_by":"usermon","knowledge":"false","order":"","u_resolved":"","u_nose_number":"8214","u_identifier":"N214JQ: Airborne Outage: ATG Flt: DAL596","cmdb_ci":{"link":"https://gogodev.service-now.com/api/now/table/cmdb_ci/f58f15322b9bf000596098a119da1553","value":"f58f15322b9bf000596098a119da1553"},"u_incident_type":"Planned Outage","impact":"1","active":"true","work_notes_list":"","u_vendor":"","u_are_lrus_pintable":"false","priority":"1","u_jira_ticket":"","u_on_hold_notes":"","u_notify":"","business_duration":"","group_list":"","u_reopened":"false","u_eb_biz_rule_name":"","approval_set":"","u_aircraft_type":"ERJ 175","u_incident_state_count":"","u_firstoccurrence":"2018-05-01 15:42:35","u_submitted":"false","u_video_tail":"false","short_description":"Airborne Outage: ATG Flt: DAL5969.  Departured from KLGA at 2018-05-01 15:37:55.0 UTC. In-Air and ASA but no current Hello traps","u_batch_version_of_usb":"","u_incident_last_assigned_date":"2018-05-01 16:19:50","correlation_display":"Netcool","work_start":"","additional_assignee_list":"","u_flight_arrival_time":"","u_td":"","u_hardware_swap_date":"","notify":"1","sys_class_name":"incident","u_eb_template_id":"","closed_by":"","follow_up":"","parent_incident":"","u_external_source":"false","u_tail_number":"N214JQ","reopened_by":"","reassignment_count":"0","u_alertgroup":"Impact ABS Policy","u_created_by_tier_1":"false","u_priority_count":"","assigned_to":{"link":"https://gogodev.service-now.com/api/now/table/sys_user/567c9026083f6400107098b55c8bb242","value":"567c9026083f6400107098b55c8bb242"},"u_one_touch":"false","sla_due":"","u_agent":"Impact","comments_and_work_notes":"","u_eb_incident_assigned":"false","u_incident_in_progress_date":"","u_automated_ticket":"false","escalation":"0","upon_approval":"proceed","u_eb_incident_id":"","u_lateral_assignment":"false","correlation_id":"NCOMSP_AGG_P:77925646","u_group_sla":"false","u_protocol_followed":"false","u_what_software_bundles_are_in":"","u_is_the_problem_seen_on_a_spe":"false","u_incident_last_in_progress_da":"","u_vendor_ticket_number":"","made_sla":"true","u_target_release":"","u_transaction_type":"2","u_major_incident":"false","u_matt":"","child_incidents":"0","u_jira_ticket_url":"","u_is_tm_link_up_":"false","u_level_3":"","u_level_2":"","sys_updated_by":"system","u_is_the_problem_limited_to_a_":"false","u_level_1":"ATG","u_was_any_hardware_swapped_and":"false","opened_by":{"link":"https://gogodev.service-now.com/api/now/table/sys_user/3fddc1a7c18070001070449a8fd09b5f","value":"3fddc1a7c18070001070449a8fd09b5f"},"u_contact_first_name":"","user_input":"","sys_created_on":"2018-05-01 16:19:50","sys_domain":{"link":"https://gogodev.service-now.com/api/now/table/sys_user_group/global","value":"global"},"u_it_business_service":{"link":"https://gogodev.service-now.com/api/now/table/u_it_business_service/d7146b9bf44e30001070095e1f027ac0","value":"d7146b9bf44e30001070095e1f027ac0"},"u_group_watch_list":"","calendar_stc":"","u_not_tier_1":"false","u_incident_date":"","closed_at":"","u_what_lru_is_affected_":"","business_service":"","u_on_hold_reason":"","rfc":"","time_worked":"1970-01-01 00:01:43","expected_start":"","u_is_cld_installed_":"false","u_email_address":"","opened_at":"2018-05-01 16:19:50","u_assigned":"2018-05-01 16:19:51","u_vital_response_msg":"","work_end":"","caller_id":{"link":"https://gogodev.service-now.com/api/now/table/sys_user/3fddc1a7c18070001070449a8fd09b5f","value":"3fddc1a7c18070001070449a8fd09b5f"},"reopened_time":"","u_phone_number":"","u_ticket_created_in_vital":"","u_fpoc":"false","u_transaction_number":"","u_it_provider_service":"","u_seat_number":"","subcategory":"","work_notes":"","u_owner":"Republic Airlines","u_summary":"Airborne Outage: ATG Flt: DAL5969.  Departured from KLGA at 2018-05-01 15:37:55.0 UTC. In-Air and ASA but no current Hello traps","close_code":"","u_duplicate_incident":"","assignment_group":{"link":"https://gogodev.service-now.com/api/now/table/sys_user_group/b2ec8acd3c21f00010706276de4006de","value":"b2ec8acd3c21f00010706276de4006de"},"u_kb_article":"","u_defect":"no","u_is_this_problem_seen_on_all_":"false","business_stc":"","description":"Airborne Outage: ATG Flt: DAL5969.  Departured from KLGA at 2018-05-01 15:37:55.0 UTC. In-Air and ASA but no current Hello traps : DAL5974 2018-05-01 19:34:38.000 : DAL5981 2018-05-01 22:20:12.000 : DAL5986 2018-05-02 01:20:56.000 : DAL5961 2018-05-02 12:13:22.000 : DAL5966 2018-05-02 15:29:09.000 : DAL5973 2018-05-02 18:14:47.000 : DAL5978 2018-05-02 21:30:33.000 : DAL5985 2018-05-03 01:36:25.000 : DAL5962 2018-05-03 13:38:02.000 : DAL5969 2018-05-03 16:08:28.000 : DAL5974 2018-05-03 19:39:03.000 : DAL5981 2018-05-04 01:15:08.000 : DAL5986 2018-05-04 04:15:39.000 : DAL5961 2018-05-04 12:31:22.000 : DAL5966 2018-05-04 15:32:02.000 : DAL5973 2018-05-04 18:17:35.000 : DAL5978 2018-05-04 21:33:19.000 : DAL5985 2018-05-05 00:39:04.000 : DAL5966 2018-05-06 15:37:27.000 : DAL5973 2018-05-06 18:23:00.000 : DAL5978 2018-05-06 21:38:55.000 : DAL5985 2018-05-07 00:24:43.000 : DAL5962 2018-05-07 13:32:01.000 : DAL5969 2018-05-07 16:27:54.000 : DAL5974 2018-05-07 19:33:41.000 : DAL5981 2018-05-07 22:19:21.000 : DAL5986 2018-05-08 01:25:19.000 : DAL6046 2018-05-08 10:56:38.000 : DAL5900 2018-05-09 14:33:45.000 : DAL6096 2018-05-09 17:19:29.000 : DAL5986 2018-05-10 04:51:57.000 : DAL5978 2018-05-10 22:14:35.000 : DAL6014 2018-05-11 16:07:17.000 : DAL6121 2018-05-11 21:38:31.000 : DAL6119 2018-05-12 01:39:25.000 : DAL6085 2018-05-13 11:18:47.000","u_aircard_release":"","calendar_duration":"","u_airline":"DAL","u_is_atg_link_up_":"false","close_notes":"","u_customer_response_time":"","u_date_of_flight":"","sys_id":"7948e93ddbbd9340352ff969af961919","u_incident_assigned_date":"2018-05-01 16:19:51","u_reason":"","contact_type":"Alarm","incident_state":"8","urgency":"1","problem_id":"","u_pac_release_or_part_number":"","u_flight_departure_time":"","u_in_progress":"","company":"","u_contact":{"link":"https://gogodev.service-now.com/api/now/table/sys_user/d86d9aee2ba75600ceb9562be8da15a0","value":"d86d9aee2ba75600ceb9562be8da15a0"},"u_primary_ci":"","activity_due":"2018-06-29 21:55:12","u_original_assignment_group":"","u_eb_incident_status":"","severity":"1","u_major_outage":"false","comments":"","approval":"not requested","u_asset_device":"R444216-1","u_qc_ticket":"","due_date":"","sys_mod_count":"568","u_incident_closed_date":"","u_customer_impacting":"true","reopen_count":"0","u_is_tm_link_pingable":"false","sys_tags":"","u_mtti":"00:37:15","u_aacu_release_or_part_number":"0","u_send_to_third_party":"false","location":"","u_capture_worklog":"VirtuOps Pilot is updating this to let you know that we are seeing High temp alarms for flight number 5899","category":"inquiry","u_set_to_p1":"2018-05-01 16:19:51"}]}