-- MySQL dump 10.16  Distrib 10.1.10-MariaDB, for Linux (x86_64)
--
-- Host: localhost    Database: nochero_pilot
-- ------------------------------------------------------
-- Server version	10.1.10-MariaDB

/*!40101 SET @OLD_CHARACTER_SET_CLIENT=@@CHARACTER_SET_CLIENT */;
/*!40101 SET @OLD_CHARACTER_SET_RESULTS=@@CHARACTER_SET_RESULTS */;
/*!40101 SET @OLD_COLLATION_CONNECTION=@@COLLATION_CONNECTION */;
/*!40101 SET NAMES utf8 */;
/*!40103 SET @OLD_TIME_ZONE=@@TIME_ZONE */;
/*!40103 SET TIME_ZONE='+00:00' */;
/*!40014 SET @OLD_UNIQUE_CHECKS=@@UNIQUE_CHECKS, UNIQUE_CHECKS=0 */;
/*!40014 SET @OLD_FOREIGN_KEY_CHECKS=@@FOREIGN_KEY_CHECKS, FOREIGN_KEY_CHECKS=0 */;
/*!40101 SET @OLD_SQL_MODE=@@SQL_MODE, SQL_MODE='NO_AUTO_VALUE_ON_ZERO' */;
/*!40111 SET @OLD_SQL_NOTES=@@SQL_NOTES, SQL_NOTES=0 */;

--
-- Current Database: `nochero_pilot`
--

CREATE DATABASE /*!32312 IF NOT EXISTS*/ `nochero_pilot` /*!40100 DEFAULT CHARACTER SET latin1 */;

USE `nochero_pilot`;

--
-- Table structure for table `auth_servers`
--

DROP TABLE IF EXISTS `auth_servers`;
/*!40101 SET @saved_cs_client     = @@character_set_client */;
/*!40101 SET character_set_client = utf8 */;
CREATE TABLE `auth_servers` (
  `host` varchar(64) NOT NULL,
  `port` int(11) NOT NULL,
  `organization` varchar(64) NOT NULL,
  `type` varchar(24) NOT NULL,
  PRIMARY KEY (`type`)
) ENGINE=InnoDB DEFAULT CHARSET=latin1;
/*!40101 SET character_set_client = @saved_cs_client */;

--
-- Dumping data for table `auth_servers`
--

LOCK TABLES `auth_servers` WRITE;
/*!40000 ALTER TABLE `auth_servers` DISABLE KEYS */;
INSERT INTO `auth_servers` VALUES ('',0,'','ldap');
/*!40000 ALTER TABLE `auth_servers` ENABLE KEYS */;
UNLOCK TABLES;

--
-- Table structure for table `group_perms`
--

DROP TABLE IF EXISTS `group_perms`;
/*!40101 SET @saved_cs_client     = @@character_set_client */;
/*!40101 SET character_set_client = utf8 */;
CREATE TABLE `group_perms` (
  `groupid` varchar(48) NOT NULL,
  `permission` varchar(48) NOT NULL,
  `value` tinyint(1) DEFAULT '0'
) ENGINE=InnoDB DEFAULT CHARSET=latin1;
/*!40101 SET character_set_client = @saved_cs_client */;

--
-- Dumping data for table `group_perms`
--

LOCK TABLES `group_perms` WRITE;
/*!40000 ALTER TABLE `group_perms` DISABLE KEYS */;
INSERT INTO `group_perms` VALUES ('admingroup','deleteproblems',1),('admingroup','resolveproblems',1),('admingroup','unresolveproblems',1);
/*!40000 ALTER TABLE `group_perms` ENABLE KEYS */;
UNLOCK TABLES;

--
-- Table structure for table `group_runbooks`
--

DROP TABLE IF EXISTS `group_runbooks`;
/*!40101 SET @saved_cs_client     = @@character_set_client */;
/*!40101 SET character_set_client = utf8 */;
CREATE TABLE `group_runbooks` (
  `groupid` varchar(128) NOT NULL,
  `runbookid` varchar(128) NOT NULL
) ENGINE=InnoDB DEFAULT CHARSET=latin1;
/*!40101 SET character_set_client = @saved_cs_client */;

--
-- Dumping data for table `group_runbooks`
--

LOCK TABLES `group_runbooks` WRITE;
/*!40000 ALTER TABLE `group_runbooks` DISABLE KEYS */;
INSERT INTO `group_runbooks` VALUES ('admingroup','NHP'),('admingroup','WFTasks');
/*!40000 ALTER TABLE `group_runbooks` ENABLE KEYS */;
UNLOCK TABLES;

--
-- Table structure for table `groups`
--

DROP TABLE IF EXISTS `groups`;
/*!40101 SET @saved_cs_client     = @@character_set_client */;
/*!40101 SET character_set_client = utf8 */;
CREATE TABLE `groups` (
  `groupid` varchar(48) NOT NULL,
  `groupname` varchar(48) NOT NULL,
  PRIMARY KEY (`groupid`)
) ENGINE=InnoDB DEFAULT CHARSET=latin1;
/*!40101 SET character_set_client = @saved_cs_client */;

--
-- Dumping data for table `groups`
--

LOCK TABLES `groups` WRITE;
/*!40000 ALTER TABLE `groups` DISABLE KEYS */;
INSERT INTO `groups` VALUES ('admingroup','Admin Group');
/*!40000 ALTER TABLE `groups` ENABLE KEYS */;
UNLOCK TABLES;

--
-- Table structure for table `logs`
--

DROP TABLE IF EXISTS `logs`;
/*!40101 SET @saved_cs_client     = @@character_set_client */;
/*!40101 SET character_set_client = utf8 */;
CREATE TABLE `logs` (
  `logdate` datetime DEFAULT NULL,
  `logmsg` mediumtext,
  `debuglevel` int(4) DEFAULT NULL
) ENGINE=InnoDB DEFAULT CHARSET=latin1;
/*!40101 SET character_set_client = @saved_cs_client */;

--
-- Dumping data for table `logs`
--

LOCK TABLES `logs` WRITE;
/*!40000 ALTER TABLE `logs` DISABLE KEYS */;
/*!40000 ALTER TABLE `logs` ENABLE KEYS */;
UNLOCK TABLES;

--
-- Table structure for table `runbooks`
--

DROP TABLE IF EXISTS `runbooks`;
/*!40101 SET @saved_cs_client     = @@character_set_client */;
/*!40101 SET character_set_client = utf8 */;
CREATE TABLE `runbooks` (
  `runbookid` varchar(128) NOT NULL,
  `runbookname` varchar(128) NOT NULL,
  `runbookdescription` text,
  PRIMARY KEY (`runbookid`)
) ENGINE=InnoDB DEFAULT CHARSET=latin1;
/*!40101 SET character_set_client = @saved_cs_client */;

--
-- Dumping data for table `runbooks`
--

LOCK TABLES `runbooks` WRITE;
/*!40000 ALTER TABLE `runbooks` DISABLE KEYS */;
INSERT INTO `runbooks` VALUES ('WFTasks','WF Tasks','Tasks that pertain to all workflows');
/*!40000 ALTER TABLE `runbooks` ENABLE KEYS */;
UNLOCK TABLES;

--
-- Table structure for table `sample_customers`
--

DROP TABLE IF EXISTS `sample_customers`;
/*!40101 SET @saved_cs_client     = @@character_set_client */;
/*!40101 SET character_set_client = utf8 */;
CREATE TABLE `sample_customers` (
  `custid` int(11) NOT NULL AUTO_INCREMENT,
  `custname` varchar(24) DEFAULT NULL,
  `custstreet` varchar(64) DEFAULT NULL,
  `custcity` varchar(64) DEFAULT NULL,
  `custstate` varchar(64) DEFAULT NULL,
  `custcountry` varchar(64) DEFAULT NULL,
  PRIMARY KEY (`custid`)
) ENGINE=InnoDB DEFAULT CHARSET=latin1;
/*!40101 SET character_set_client = @saved_cs_client */;

--
-- Dumping data for table `sample_customers`
--

LOCK TABLES `sample_customers` WRITE;
/*!40000 ALTER TABLE `sample_customers` DISABLE KEYS */;
/*!40000 ALTER TABLE `sample_customers` ENABLE KEYS */;
UNLOCK TABLES;

--
-- Table structure for table `sample_products`
--

DROP TABLE IF EXISTS `sample_products`;
/*!40101 SET @saved_cs_client     = @@character_set_client */;
/*!40101 SET character_set_client = utf8 */;
CREATE TABLE `sample_products` (
  `productid` int(11) NOT NULL AUTO_INCREMENT,
  `productname` varchar(255) DEFAULT NULL,
  PRIMARY KEY (`productid`)
) ENGINE=InnoDB DEFAULT CHARSET=latin1;
/*!40101 SET character_set_client = @saved_cs_client */;

--
-- Dumping data for table `sample_products`
--

LOCK TABLES `sample_products` WRITE;
/*!40000 ALTER TABLE `sample_products` DISABLE KEYS */;
/*!40000 ALTER TABLE `sample_products` ENABLE KEYS */;
UNLOCK TABLES;

--
-- Table structure for table `sample_purchases`
--

DROP TABLE IF EXISTS `sample_purchases`;
/*!40101 SET @saved_cs_client     = @@character_set_client */;
/*!40101 SET character_set_client = utf8 */;
CREATE TABLE `sample_purchases` (
  `purchaseid` int(11) NOT NULL AUTO_INCREMENT,
  `productid` int(11) DEFAULT NULL,
  `purchaseamount` decimal(12,2) DEFAULT NULL,
  `purchasedate` datetime DEFAULT NULL,
  PRIMARY KEY (`purchaseid`)
) ENGINE=InnoDB DEFAULT CHARSET=latin1;
/*!40101 SET character_set_client = @saved_cs_client */;

--
-- Dumping data for table `sample_purchases`
--

LOCK TABLES `sample_purchases` WRITE;
/*!40000 ALTER TABLE `sample_purchases` DISABLE KEYS */;
/*!40000 ALTER TABLE `sample_purchases` ENABLE KEYS */;
UNLOCK TABLES;

--
-- Table structure for table `task_logs`
--

DROP TABLE IF EXISTS `task_logs`;
/*!40101 SET @saved_cs_client     = @@character_set_client */;
/*!40101 SET character_set_client = utf8 */;
CREATE TABLE `task_logs` (
  `taskname` varchar(128) DEFAULT NULL,
  `runbookid` varchar(128) DEFAULT NULL,
  `username` varchar(48) DEFAULT NULL,
  `actionfilename` varchar(128) DEFAULT NULL,
  `taskstarttime` datetime DEFAULT NULL,
  `tasktime` float(12,6) DEFAULT NULL,
  `taskserial` varchar(48) NOT NULL,
  `taskpid` int(8) DEFAULT NULL,
  `taskstatus` varchar(24) DEFAULT NULL,
  `taskexit` varchar(64) DEFAULT NULL,
  `taskoutput` mediumtext,
  `id` mediumint(9) NOT NULL AUTO_INCREMENT,
  `taskerror` mediumtext,
  `taskmetadata` mediumtext,
  PRIMARY KEY (`id`),
  UNIQUE KEY `taskserial` (`taskserial`)
) ENGINE=InnoDB AUTO_INCREMENT=261 DEFAULT CHARSET=latin1;
/*!40101 SET character_set_client = @saved_cs_client */;

--
-- Dumping data for table `task_logs`
--

LOCK TABLES `task_logs` WRITE;
/*!40000 ALTER TABLE `task_logs` DISABLE KEYS */;
INSERT INTO `task_logs` VALUES ('NH Ping Device','NHP','admin','ping.pl','2018-03-05 16:18:26',0.093463,'ZXml5tCMV9fnIS2',6127,'STOPPED','0','{\"status\":\"alive\",\"host\":\"localhost\"}',1,'','\"\"'),('VP Read Data','WFTasks','admin','readdata.pl','2018-04-23 18:08:00',0.039497,'3U4bO2WBFxibnrc',8448,'STOPPED','0','{\"status\":\"\"}',2,'','\"\"'),('VP Write To File','WFTasks','admin','writetofile.pl','2018-04-23 18:08:00',0.030856,'SysZ4KyF0ZqGE5K',8453,'STOPPED','0','{\"status\":\"saved\"}',3,'','\"\"'),('VP Write To File','WFTasks','admin','writetofile.pl','2018-04-23 18:08:00',0.044550,'9j6X8S31esUeu88',8458,'STOPPED','0','{\"status\":\"saved\"}',4,'','\"\"'),('VP Ping Device','WFTasks','admin','ping.pl','2018-04-23 18:27:15',0.042136,'xToM8bgcNqlRW3w',10388,'STOPPED','0','{\"status\":\"alive\",\"host\":\"localhost\"}',5,'','\"\"'),('VP Write To File','WFTasks','admin','writetofile.pl','2018-04-23 18:27:16',0.028115,'vXrJ9UQ0czTj7rw',10393,'STOPPED','0','{\"status\":\"saved\"}',6,'','\"\"'),('VP Write To File','WFTasks','admin','writetofile.pl','2018-04-23 18:27:16',0.028782,'h4vGNAPCRsDiJVW',10398,'STOPPED','0','{\"status\":\"saved\"}',7,'','\"\"'),('VP Ping Device','WFTasks','admin','ping.pl','2018-04-23 18:30:09',0.042199,'xoNTVGVXH2SXKXl',10676,'STOPPED','0','{\"status\":\"alive\",\"host\":\"localhost\"}',8,'','\"\"'),('VP Write To File','WFTasks','admin','writetofile.pl','2018-04-23 18:30:10',0.028163,'AlXJeHk0FTCXh9O',10681,'STOPPED','0','{\"status\":\"saved\"}',9,'','\"\"'),('VP Write To File','WFTasks','admin','writetofile.pl','2018-04-23 18:30:10',0.028026,'4cej3PKp0OEIs4Y',10686,'STOPPED','0','{\"status\":\"saved\"}',10,'','\"\"'),('VP Ping Device','WFTasks','admin','ping.pl','2018-04-23 18:40:39',0.042244,'E9ETvyrJ300Ygy4',11704,'STOPPED','0','{\"status\":\"alive\",\"host\":\"localhost\"}',11,'','\"\"'),('VP Write To File','WFTasks','admin','writetofile.pl','2018-04-23 18:40:39',0.028857,'zmrgnCunHnHTXoC',11709,'STOPPED','0','{\"status\":\"saved\"}',12,'','\"\"'),('VP Write To File','WFTasks','admin','writetofile.pl','2018-04-23 18:40:39',0.028261,'QUhZ0akDRBYrpEe',11714,'STOPPED','0','{\"status\":\"saved\"}',13,'','\"\"'),('VP Write To File','WFTasks','admin','writetofile.pl','2018-04-23 18:59:07',0.027731,'SyELXL9BjYNXJlF',13371,'STOPPED','0','{\"status\":\"saved\"}',14,'','\"\"'),('VP Ping Device','WFTasks','admin','ping.pl','2018-04-23 18:59:07',0.041845,'mEGo5y8cRmmRLjo',13376,'STOPPED','0','{\"status\":\"alive\",\"host\":\"localhost\"}',15,'','\"\"'),('VP Write To File','WFTasks','admin','writetofile.pl','2018-04-23 18:59:07',0.028269,'X3AD9E9Kv35SxqZ',13381,'STOPPED','0','{\"status\":\"saved\"}',16,'','\"\"'),('VP Ping Device','WFTasks','admin','ping.pl','2018-04-23 18:59:07',0.042439,'pZKDhCV5NsgoSx8',13386,'STOPPED','0','{\"status\":\"alive\",\"host\":\"localhost\"}',17,'','\"\"'),('VP Write To File','WFTasks','admin','writetofile.pl','2018-04-23 19:07:58',0.036772,'kkd7KO2QaS5AHhr',14135,'STOPPED','0','{\"status\":\"saved\"}',18,'','\"\"'),('VP Ping Device','WFTasks','admin','ping.pl','2018-04-23 19:07:58',0.041949,'Zka2ZubWbOy4NyM',14141,'STOPPED','0','{\"status\":\"alive\",\"host\":\"localhost\"}',19,'','\"\"'),('VP Write To File','WFTasks','admin','writetofile.pl','2018-04-23 19:07:59',0.028113,'iCWRX1BWzUcPbe1',14146,'STOPPED','0','{\"status\":\"saved\"}',20,'','\"\"'),('VP Ping Device','WFTasks','admin','ping.pl','2018-04-23 19:07:59',0.042319,'oE9XHhgc4YOMbyk',14151,'STOPPED','0','{\"status\":\"alive\",\"host\":\"localhost\"}',21,'','\"\"'),('VP Write To File','WFTasks','admin','writetofile.pl','2018-04-23 21:41:48',0.031534,'XLzpnDPaRjqL5JB',28841,'STOPPED','0','{\"status\":\"saved\"}',22,'','\"\"'),('VP Ping Device','WFTasks','admin','ping.pl','2018-04-23 21:41:48',0.041971,'pHv8krShzUTCGwz',28846,'STOPPED','0','{\"status\":\"alive\",\"host\":\"localhost\"}',23,'','\"\"'),('VP Write To File','WFTasks','admin','writetofile.pl','2018-04-23 21:41:48',0.028066,'oHwpPUW3fGRV8TR',28851,'STOPPED','0','{\"status\":\"saved\"}',24,'','\"\"'),('VP Ping Device','WFTasks','admin','ping.pl','2018-04-23 21:41:48',0.041736,'jb5fEgiz8vob8MX',28856,'STOPPED','0','{\"status\":\"alive\",\"host\":\"localhost\"}',25,'','\"\"'),('VP Write To File','WFTasks','admin','writetofile.pl','2018-04-23 22:11:18',0.036477,'hKj3WdMa9A3gsuM',31807,'STOPPED','0','{\"status\":\"saved\"}',26,'','\"\"'),('VP Ping Device','WFTasks','admin','ping.pl','2018-04-23 22:11:18',0.042045,'rjzSfTM5E0egwAk',31812,'STOPPED','0','{\"status\":\"alive\",\"host\":\"localhost\"}',27,'','\"\"'),('VP Write To File','WFTasks','admin','writetofile.pl','2018-04-23 22:11:18',0.028351,'YEcgiEwXlKibzMf',31817,'STOPPED','0','{\"status\":\"saved\"}',28,'','\"\"'),('VP Write To File','WFTasks','admin','writetofile.pl','2018-04-23 22:40:55',0.028382,'zV2oLB2hIMQDubn',2411,'STOPPED','0','{\"status\":\"saved\"}',29,'','\"\"'),('VP Ping Device','WFTasks','admin','ping.pl','2018-04-23 22:40:55',0.042394,'hoipYy1QYS0TgpQ',2416,'STOPPED','0','{\"status\":\"alive\",\"host\":\"localhost\"}',30,'','\"\"'),('VP Write To File','WFTasks','admin','writetofile.pl','2018-04-23 22:40:55',0.027629,'nU8jeAYtC4Vfhuk',2423,'STOPPED','0','{\"status\":\"saved\"}',31,'','\"\"'),('VP Ping Device','WFTasks','admin','ping.pl','2018-04-28 01:04:34',0.041841,'Sw2WghUfzkUChPk',11146,'STOPPED','0','{\"status\":\"alive\",\"host\":\"localhost\"}',32,'','\"\"'),('VP Write To File','WFTasks','admin','writetofile.pl','2018-04-28 01:04:35',0.028438,'U1MGonmufrbvw2W',11151,'STOPPED','0','{\"status\":\"saved\"}',33,'','\"\"'),('VP Ping Device','WFTasks','admin','ping.pl','2018-04-28 14:08:05',0.042341,'eubiA8KQH9SItgD',19078,'STOPPED','0','{\"status\":\"alive\",\"host\":\"localhost\"}',34,'','\"\"'),('VP Ping Device','WFTasks','admin','ping.pl','2018-04-28 14:31:03',0.044281,'iiAJKVlYllNHIIn',21247,'STOPPED','0','{\"status\":\"alive\",\"host\":\"localhost\"}',35,'','\"\"'),('VP Ping Device','WFTasks','admin','ping.pl','2018-04-28 14:32:20',0.041937,'zJ8DOle3sqcN1ZO',21392,'STOPPED','0','{\"status\":\"alive\",\"host\":\"localhost\"}',36,'','\"\"'),('VP Ping Device','WFTasks','admin','ping.pl','2018-04-28 14:47:35',0.041880,'bs0a2Gh1Yql5tKB',22788,'STOPPED','0','{\"status\":\"alive\",\"host\":\"localhost\"}',37,'','\"\"'),('VP Write To File','WFTasks','admin','writetofile.pl','2018-04-28 14:47:35',0.054099,'YP2AOF1xBBb7O8C',22793,'STOPPED','0','{\"status\":\"saved\"}',38,'','\"\"'),('VP Ping Device','WFTasks','admin','ping.pl','2018-04-28 14:47:35',0.041938,'w7d1dLnzbAihuo7',22799,'STOPPED','0','{\"status\":\"alive\",\"host\":\"localhost\"}',39,'','\"\"'),('VP Write To File','WFTasks','admin','writetofile.pl','2018-04-28 14:47:36',0.028117,'smrgZMYJQjqABMN',22804,'STOPPED','0','{\"status\":\"saved\"}',40,'','\"\"'),('VP Ping Device','WFTasks','admin','ping.pl','2018-04-28 14:47:36',0.041940,'eXJQHIHBqWsBOFZ',22809,'STOPPED','0','{\"status\":\"alive\",\"host\":\"localhost\"}',41,'','\"\"'),('VP Write To File','WFTasks','admin','writetofile.pl','2018-04-28 14:47:36',0.047327,'xqOtxewbbyhpC1f',22815,'STOPPED','0','{\"status\":\"saved\"}',42,'','\"\"'),('VP Ping Device','WFTasks','admin','ping.pl','2018-04-28 14:47:36',0.041972,'iszYC1kxPPzGTEY',22821,'STOPPED','0','{\"status\":\"alive\",\"host\":\"localhost\"}',43,'','\"\"'),('VP Write To File','WFTasks','admin','writetofile.pl','2018-04-28 14:47:37',0.028233,'ApB1tSVEQtFqeq6',22826,'STOPPED','0','{\"status\":\"saved\"}',44,'','\"\"'),('VP Ping Device','WFTasks','admin','ping.pl','2018-04-28 14:47:37',0.042085,'KG3wUe577LnDLw3',22831,'STOPPED','0','{\"status\":\"alive\",\"host\":\"localhost\"}',45,'','\"\"'),('VP Write To File','WFTasks','admin','writetofile.pl','2018-04-28 14:47:37',0.029129,'74Ml2JtgfFtmNCy',22836,'STOPPED','0','{\"status\":\"saved\"}',46,'','\"\"'),('VP Ping Device','WFTasks','admin','ping.pl','2018-04-28 14:47:37',0.041744,'o803TD09zlSFQWD',22841,'STOPPED','0','{\"status\":\"alive\",\"host\":\"localhost\"}',47,'','\"\"'),('VP Write To File','WFTasks','admin','writetofile.pl','2018-04-28 14:47:38',0.028336,'7J26d2vJUIkYZ5P',22846,'STOPPED','0','{\"status\":\"saved\"}',48,'','\"\"'),('VP Ping Device','WFTasks','admin','ping.pl','2018-04-28 14:47:38',0.042393,'3guYCqnCmQgL4pp',22851,'STOPPED','0','{\"status\":\"alive\",\"host\":\"localhost\"}',49,'','\"\"'),('VP Write To File','WFTasks','admin','writetofile.pl','2018-04-28 14:47:38',0.028468,'Wrqa4jlHRwGQ8Uk',22856,'STOPPED','0','{\"status\":\"saved\"}',50,'','\"\"'),('VP Ping Device','WFTasks','admin','ping.pl','2018-04-28 14:47:38',0.041975,'6sOKel5776T1q8C',22861,'STOPPED','0','{\"status\":\"alive\",\"host\":\"localhost\"}',51,'','\"\"'),('VP Write To File','WFTasks','admin','writetofile.pl','2018-04-28 14:47:39',0.028057,'euDX0kPPQ1KABLx',22866,'STOPPED','0','{\"status\":\"saved\"}',52,'','\"\"'),('VP Ping Device','WFTasks','admin','ping.pl','2018-04-28 14:47:39',0.041988,'SqmgveTwfvuttxF',22871,'STOPPED','0','{\"status\":\"alive\",\"host\":\"localhost\"}',53,'','\"\"'),('VP Write To File','WFTasks','admin','writetofile.pl','2018-04-28 14:47:39',0.028209,'Th5wsjmKkLsUzpb',22876,'STOPPED','0','{\"status\":\"saved\"}',54,'','\"\"'),('VP Ping Device','WFTasks','admin','ping.pl','2018-04-28 14:47:39',0.042271,'h7n7JCHamybnBoa',22881,'STOPPED','0','{\"status\":\"alive\",\"host\":\"localhost\"}',55,'','\"\"'),('VP Write To File','WFTasks','admin','writetofile.pl','2018-04-28 14:47:40',0.028354,'DyoK6wLnJ4oYAEQ',22887,'STOPPED','0','{\"status\":\"saved\"}',56,'','\"\"'),('VP Ping Device','WFTasks','admin','ping.pl','2018-04-28 14:47:40',0.041908,'AyfxTRPuGwaIn5g',22892,'STOPPED','0','{\"status\":\"alive\",\"host\":\"localhost\"}',57,'','\"\"'),('VP Write To File','WFTasks','admin','writetofile.pl','2018-04-28 14:47:40',0.027950,'0HJuCI4Rzmbzu5X',22897,'STOPPED','0','{\"status\":\"saved\"}',58,'','\"\"'),('VP Write To File','WFTasks','admin','writetofile.pl','2018-04-28 14:47:40',0.028081,'oDiYW4dmniTHPPG',22903,'STOPPED','0','{\"status\":\"saved\"}',59,'','\"\"'),('VP Ping Device','WFTasks','admin','ping.pl','2018-04-28 14:51:23',0.042189,'oSX8WN7LzPRGmUJ',23256,'STOPPED','0','{\"status\":\"alive\",\"host\":\"localhost\"}',60,'','\"\"'),('VP Write To File','WFTasks','admin','writetofile.pl','2018-04-28 14:51:23',0.028286,'yT4RLqagzB4O6KV',23261,'STOPPED','0','{\"status\":\"saved\"}',61,'','\"\"'),('VP Ping Device','WFTasks','admin','ping.pl','2018-04-28 14:51:23',0.041784,'kBRmr4pTLLfF1Ke',23266,'STOPPED','0','{\"status\":\"alive\",\"host\":\"localhost\"}',62,'','\"\"'),('VP Write To File','WFTasks','admin','writetofile.pl','2018-04-28 14:51:23',0.028393,'nNaiwBpEyvUxF4i',23271,'STOPPED','0','{\"status\":\"saved\"}',63,'','\"\"'),('VP Ping Device','WFTasks','admin','ping.pl','2018-04-28 14:51:24',0.041702,'vwfnXS2mI96MXLF',23276,'STOPPED','0','{\"status\":\"alive\",\"host\":\"localhost\"}',64,'','\"\"'),('VP Write To File','WFTasks','admin','writetofile.pl','2018-04-28 14:51:24',0.028022,'8UWd6Ra3Ouu5sxn',23281,'STOPPED','0','{\"status\":\"saved\"}',65,'','\"\"'),('VP Ping Device','WFTasks','admin','ping.pl','2018-04-28 14:51:24',0.041927,'dvBqRWBQAId9vSJ',23286,'STOPPED','0','{\"status\":\"alive\",\"host\":\"localhost\"}',66,'','\"\"'),('VP Write To File','WFTasks','admin','writetofile.pl','2018-04-28 14:51:25',0.027944,'Rq8mL4jIGMMR9G4',23291,'STOPPED','0','{\"status\":\"saved\"}',67,'','\"\"'),('VP Ping Device','WFTasks','admin','ping.pl','2018-04-28 14:51:25',0.041949,'sRSkbCG7H0jU3X6',23296,'STOPPED','0','{\"status\":\"alive\",\"host\":\"localhost\"}',68,'','\"\"'),('VP Write To File','WFTasks','admin','writetofile.pl','2018-04-28 14:51:25',0.035573,'1EtjoVuOgcjWIB0',23301,'STOPPED','0','{\"status\":\"saved\"}',69,'','\"\"'),('VP Ping Device','WFTasks','admin','ping.pl','2018-04-28 14:51:25',0.042097,'9JE66QjGKOeLSvE',23308,'STOPPED','0','{\"status\":\"alive\",\"host\":\"localhost\"}',70,'','\"\"'),('VP Write To File','WFTasks','admin','writetofile.pl','2018-04-28 14:51:26',0.028111,'tE4CWJxc5NkjJHj',23313,'STOPPED','0','{\"status\":\"saved\"}',71,'','\"\"'),('VP Ping Device','WFTasks','admin','ping.pl','2018-04-28 14:51:26',0.041829,'SP7UY2mOfEDPAas',23318,'STOPPED','0','{\"status\":\"alive\",\"host\":\"localhost\"}',72,'','\"\"'),('VP Write To File','WFTasks','admin','writetofile.pl','2018-04-28 14:51:26',0.028063,'1MvNGO0txJ1CZ8N',23323,'STOPPED','0','{\"status\":\"saved\"}',73,'','\"\"'),('VP Ping Device','WFTasks','admin','ping.pl','2018-04-28 14:51:26',0.041878,'WYU1SDivQaKflxI',23328,'STOPPED','0','{\"status\":\"alive\",\"host\":\"localhost\"}',74,'','\"\"'),('VP Write To File','WFTasks','admin','writetofile.pl','2018-04-28 14:51:27',0.028031,'071qhH5y8GzARmM',23333,'STOPPED','0','{\"status\":\"saved\"}',75,'','\"\"'),('VP Ping Device','WFTasks','admin','ping.pl','2018-04-28 14:51:27',0.041911,'EjszDCmjxXThLYO',23338,'STOPPED','0','{\"status\":\"alive\",\"host\":\"localhost\"}',76,'','\"\"'),('VP Write To File','WFTasks','admin','writetofile.pl','2018-04-28 14:51:27',0.053622,'TNvqbt1Q8JXldgh',23343,'STOPPED','0','{\"status\":\"saved\"}',77,'','\"\"'),('VP Ping Device','WFTasks','admin','ping.pl','2018-04-28 14:51:27',0.042158,'wVgeQLycXUhOeCJ',23351,'STOPPED','0','{\"status\":\"alive\",\"host\":\"localhost\"}',78,'','\"\"'),('VP Write To File','WFTasks','admin','writetofile.pl','2018-04-28 14:51:28',0.028086,'UAUHBAL0vfn1aM7',23356,'STOPPED','0','{\"status\":\"saved\"}',79,'','\"\"'),('VP Ping Device','WFTasks','admin','ping.pl','2018-04-28 14:51:28',0.041736,'NNYlgRNpQJ1nV71',23361,'STOPPED','0','{\"status\":\"alive\",\"host\":\"localhost\"}',80,'','\"\"'),('VP Write To File','WFTasks','admin','writetofile.pl','2018-04-28 14:51:28',0.028147,'Tk0P2RJHB4DurqH',23366,'STOPPED','0','{\"status\":\"saved\"}',81,'','\"\"'),('VP Write To File','WFTasks','admin','writetofile.pl','2018-04-28 14:51:28',0.028092,'jJw0gxGh6kgr3qb',23371,'STOPPED','0','{\"status\":\"saved\"}',82,'','\"\"'),('VP Ping Device','WFTasks','admin','ping.pl','2018-04-28 14:52:11',0.041785,'SLLdFvmM8yd74Yc',23458,'STOPPED','0','{\"status\":\"alive\",\"host\":\"localhost\"}',83,'','\"\"'),('VP Write To File','WFTasks','admin','writetofile.pl','2018-04-28 14:52:11',0.028782,'pheHjlEqboBUC8g',23463,'STOPPED','0','{\"status\":\"saved\"}',84,'','\"\"'),('VP Ping Device','WFTasks','admin','ping.pl','2018-04-28 14:52:11',0.042327,'lQ4PmoeIHDfQEVD',23469,'STOPPED','0','{\"status\":\"alive\",\"host\":\"localhost\"}',85,'','\"\"'),('VP Write To File','WFTasks','admin','writetofile.pl','2018-04-28 14:52:11',0.028162,'LNaIe9OpNt0ge4Z',23474,'STOPPED','0','{\"status\":\"saved\"}',86,'','\"\"'),('VP Ping Device','WFTasks','admin','ping.pl','2018-04-28 14:52:12',0.042272,'Q1MmB9E6NpfWwFJ',23479,'STOPPED','0','{\"status\":\"alive\",\"host\":\"localhost\"}',87,'','\"\"'),('VP Write To File','WFTasks','admin','writetofile.pl','2018-04-28 14:52:12',0.028541,'My8krkzMp2bpTJa',23484,'STOPPED','0','{\"status\":\"saved\"}',88,'','\"\"'),('VP Ping Device','WFTasks','admin','ping.pl','2018-04-28 14:52:12',0.042155,'22v8Hms4vk6KiKi',23490,'STOPPED','0','{\"status\":\"alive\",\"host\":\"localhost\"}',89,'','\"\"'),('VP Write To File','WFTasks','admin','writetofile.pl','2018-04-28 14:52:12',0.028233,'EwGWzpHGFSmqGuw',23495,'STOPPED','0','{\"status\":\"saved\"}',90,'','\"\"'),('VP Ping Device','WFTasks','admin','ping.pl','2018-04-28 14:52:13',0.042177,'8cRBjrnXIQYxqXl',23500,'STOPPED','0','{\"status\":\"alive\",\"host\":\"localhost\"}',91,'','\"\"'),('VP Write To File','WFTasks','admin','writetofile.pl','2018-04-28 14:52:13',0.027990,'VUb3bXsadhauJnT',23505,'STOPPED','0','{\"status\":\"saved\"}',92,'','\"\"'),('VP Ping Device','WFTasks','admin','ping.pl','2018-04-28 14:52:13',0.042008,'hP6lSjKG7dnI21C',23510,'STOPPED','0','{\"status\":\"alive\",\"host\":\"localhost\"}',93,'','\"\"'),('VP Write To File','WFTasks','admin','writetofile.pl','2018-04-28 14:52:13',0.028104,'jzEBi6ShFpIiLq3',23515,'STOPPED','0','{\"status\":\"saved\"}',94,'','\"\"'),('VP Write To File','WFTasks','admin','writetofile.pl','2018-04-28 14:52:14',0.028068,'Q5whHk9e4htZj23',23520,'STOPPED','0','{\"status\":\"saved\"}',95,'','\"\"'),('VP Ping Device','WFTasks','admin','ping.pl','2018-04-28 14:54:17',0.041940,'S3L8UsxWnBTxXx5',23705,'STOPPED','0','{\"status\":\"alive\",\"host\":\"localhost\"}',96,'','\"\"'),('VP Write To File','WFTasks','admin','writetofile.pl','2018-04-28 14:54:17',0.028492,'yf54QiGOWkMR8oC',23710,'STOPPED','0','{\"status\":\"saved\"}',97,'','\"\"'),('VP Ping Device','WFTasks','admin','ping.pl','2018-04-28 14:54:17',0.041766,'Yhp8IuokYq5bobh',23715,'STOPPED','0','{\"status\":\"alive\",\"host\":\"localhost\"}',98,'','\"\"'),('VP Write To File','WFTasks','admin','writetofile.pl','2018-04-28 14:54:18',0.028399,'7xDjchrkkN1pj5D',23720,'STOPPED','0','{\"status\":\"saved\"}',99,'','\"\"'),('VP Ping Device','WFTasks','admin','ping.pl','2018-04-28 14:54:18',0.042134,'FT3kTIQh1GEWBdn',23725,'STOPPED','0','{\"status\":\"alive\",\"host\":\"localhost\"}',100,'','\"\"'),('VP Write To File','WFTasks','admin','writetofile.pl','2018-04-28 14:54:18',0.028024,'eOHeZ7Q5kHWwFgD',23731,'STOPPED','0','{\"status\":\"saved\"}',101,'','\"\"'),('VP Ping Device','WFTasks','admin','ping.pl','2018-04-28 14:54:18',0.041679,'3m91MdcKioWvAqm',23736,'STOPPED','0','{\"status\":\"alive\",\"host\":\"localhost\"}',102,'','\"\"'),('VP Write To File','WFTasks','admin','writetofile.pl','2018-04-28 14:54:19',0.028182,'vZIoqRvrLyb2fjb',23741,'STOPPED','0','{\"status\":\"saved\"}',103,'','\"\"'),('VP Write To File','WFTasks','admin','writetofile.pl','2018-04-28 14:54:19',0.030926,'4igaWm8SNfAGLbV',23746,'STOPPED','0','{\"status\":\"saved\"}',104,'','\"\"'),('VP Ping Device','WFTasks','admin','ping.pl','2018-04-28 15:04:24',0.042288,'dyAC9G9duIVmL3B',24648,'STOPPED','0','{\"status\":\"alive\",\"host\":\"localhost\"}',105,'','\"\"'),('VP Write To File','WFTasks','admin','writetofile.pl','2018-04-28 15:04:25',0.029212,'sp8su55ZaSMgcUm',24653,'STOPPED','0','{\"status\":\"saved\"}',106,'','\"\"'),('VP Ping Device','WFTasks','admin','ping.pl','2018-04-28 15:04:25',0.041906,'L1cAnHIfV63FAG7',24658,'STOPPED','0','{\"status\":\"alive\",\"host\":\"localhost\"}',107,'','\"\"'),('VP Write To File','WFTasks','admin','writetofile.pl','2018-04-28 15:04:25',0.028327,'ZzhAzB5WuV6mOrs',24663,'STOPPED','0','{\"status\":\"saved\"}',108,'','\"\"'),('VP Ping Device','WFTasks','admin','ping.pl','2018-04-28 15:04:25',0.041811,'dLYEAlt3CYMMztk',24669,'STOPPED','0','{\"status\":\"alive\",\"host\":\"localhost\"}',109,'','\"\"'),('VP Write To File','WFTasks','admin','writetofile.pl','2018-04-28 15:04:26',0.028214,'cnDHuJMDw3Khqzb',24674,'STOPPED','0','{\"status\":\"saved\"}',110,'','\"\"'),('VP Ping Device','WFTasks','admin','ping.pl','2018-04-28 15:04:26',0.041677,'eOZ160UdRFn4YFt',24679,'STOPPED','0','{\"status\":\"alive\",\"host\":\"localhost\"}',111,'','\"\"'),('VP Write To File','WFTasks','admin','writetofile.pl','2018-04-28 15:04:26',0.028118,'IJTEb0KH9sSqmGn',24685,'STOPPED','0','{\"status\":\"saved\"}',112,'','\"\"'),('VP Write To File','WFTasks','admin','writetofile.pl','2018-04-28 15:04:26',0.028564,'j90UoatUWK9yrLf',24690,'STOPPED','0','{\"status\":\"saved\"}',113,'','\"\"'),('VP Ping Device','WFTasks','admin','ping.pl','2018-04-28 15:18:58',0.054253,'7v6bNHA2dw2JYkU',26126,'STOPPED','0','{\"status\":\"alive\",\"host\":\"localhost\"}',114,'','\"\"'),('VP Write To File','WFTasks','admin','writetofile.pl','2018-04-28 15:18:59',0.028200,'fO9mOdXWy9isAQS',26131,'STOPPED','0','{\"status\":\"saved\"}',115,'','\"\"'),('VP Ping Device','WFTasks','admin','ping.pl','2018-04-28 15:32:26',0.041614,'Qp1EBfGUTdIOzYb',27417,'STOPPED','0','{\"status\":\"alive\",\"host\":\"localhost\"}',116,'','\"\"'),('VP Write To File','WFTasks','admin','writetofile.pl','2018-04-28 15:32:26',0.056924,'JnruWkxvwAkfkOX',27422,'STOPPED','0','{\"status\":\"saved\"}',117,'','\"\"'),('VP Ping Device','WFTasks','admin','ping.pl','2018-04-28 15:40:01',0.041705,'805MV5ShWnxkGan',28143,'STOPPED','0','{\"status\":\"alive\",\"host\":\"localhost\"}',118,'','\"\"'),('VP Write To File','WFTasks','admin','writetofile.pl','2018-04-28 15:40:01',0.028156,'ujZlpe7r7l9XBy4',28148,'STOPPED','0','{\"status\":\"saved\"}',119,'','\"\"'),('VP Ping Device','WFTasks','admin','ping.pl','2018-04-28 15:40:01',0.041903,'KjvZ6VlOUPQpNu3',28153,'STOPPED','0','{\"status\":\"alive\",\"host\":\"localhost\"}',120,'','\"\"'),('VP Write To File','WFTasks','admin','writetofile.pl','2018-04-28 15:40:01',0.028173,'moiV84f7sNJOZKt',28217,'STOPPED','0','{\"status\":\"saved\"}',121,'','\"\"'),('VP Ping Device','WFTasks','admin','ping.pl','2018-04-28 15:40:02',0.042137,'TObKYiKH10t7dJG',28222,'STOPPED','0','{\"status\":\"alive\",\"host\":\"localhost\"}',122,'','\"\"'),('VP Write To File','WFTasks','admin','writetofile.pl','2018-04-28 15:40:02',0.028083,'8qr4RzQE4xH2gw0',28227,'STOPPED','0','{\"status\":\"saved\"}',123,'','\"\"'),('VP Ping Device','WFTasks','admin','ping.pl','2018-04-28 15:40:02',0.041726,'U3KdYfZRlaYjTIh',28232,'STOPPED','0','{\"status\":\"alive\",\"host\":\"localhost\"}',124,'','\"\"'),('VP Write To File','WFTasks','admin','writetofile.pl','2018-04-28 15:40:02',0.028229,'jyEekobvNlTGXtO',28237,'STOPPED','0','{\"status\":\"saved\"}',125,'','\"\"'),('VP Ping Device','WFTasks','admin','ping.pl','2018-04-28 15:40:03',0.041868,'AkJIToT3hW9BGhr',28242,'STOPPED','0','{\"status\":\"alive\",\"host\":\"localhost\"}',126,'','\"\"'),('VP Write To File','WFTasks','admin','writetofile.pl','2018-04-28 15:40:03',0.027993,'LxbPjVZGBPiQla2',28247,'STOPPED','0','{\"status\":\"saved\"}',127,'','\"\"'),('VP Ping Device','WFTasks','admin','ping.pl','2018-04-28 15:40:03',0.042170,'n67AqS6TgoCFQV7',28252,'STOPPED','0','{\"status\":\"alive\",\"host\":\"localhost\"}',128,'','\"\"'),('VP Write To File','WFTasks','admin','writetofile.pl','2018-04-28 15:40:04',0.030528,'lze6TvB6paCZUDD',28257,'STOPPED','0','{\"status\":\"saved\"}',129,'','\"\"'),('VP Ping Device','WFTasks','admin','ping.pl','2018-04-28 15:40:04',0.041580,'KW1ntOctxLuDduK',28262,'STOPPED','0','{\"status\":\"alive\",\"host\":\"localhost\"}',130,'','\"\"'),('VP Write To File','WFTasks','admin','writetofile.pl','2018-04-28 15:40:04',0.028168,'BxlfFszDZFEPFOO',28267,'STOPPED','0','{\"status\":\"saved\"}',131,'','\"\"'),('VP Write To File','WFTasks','admin','writetofile.pl','2018-04-28 15:40:04',0.030801,'hvK6MdJt6dV3BEV',28272,'STOPPED','0','{\"status\":\"saved\"}',132,'','\"\"'),('VP Ping Device','WFTasks','admin','ping.pl','2018-04-28 15:41:13',0.041876,'F8SM8LqvDzKoKar',28379,'STOPPED','0','{\"status\":\"alive\",\"host\":\"localhost\"}',133,'','\"\"'),('VP Write To File','WFTasks','admin','writetofile.pl','2018-04-28 15:41:13',0.027958,'ZfxHrmjkHIBfkO1',28384,'STOPPED','0','{\"status\":\"saved\"}',134,'','\"\"'),('VP Ping Device','WFTasks','admin','ping.pl','2018-04-28 15:41:14',0.042229,'LYAh9xSvx3RYHod',28389,'STOPPED','0','{\"status\":\"alive\",\"host\":\"localhost\"}',135,'','\"\"'),('VP Write To File','WFTasks','admin','writetofile.pl','2018-04-28 15:41:14',0.028069,'RxwntEKGs7qzYUD',28394,'STOPPED','0','{\"status\":\"saved\"}',136,'','\"\"'),('VP Ping Device','WFTasks','admin','ping.pl','2018-04-28 15:41:14',0.042221,'4Xlk1jRzKRNLGIN',28399,'STOPPED','0','{\"status\":\"alive\",\"host\":\"localhost\"}',137,'','\"\"'),('VP Write To File','WFTasks','admin','writetofile.pl','2018-04-28 15:41:14',0.030874,'nz4jKfyfuEL8zEm',28404,'STOPPED','0','{\"status\":\"saved\"}',138,'','\"\"'),('VP Ping Device','WFTasks','admin','ping.pl','2018-04-28 15:41:15',0.042123,'YtbXn7VVLfkkpTO',28409,'STOPPED','0','{\"status\":\"alive\",\"host\":\"localhost\"}',139,'','\"\"'),('VP Write To File','WFTasks','admin','writetofile.pl','2018-04-28 15:41:15',0.028643,'cpj0Nu7EkqCEzJu',28414,'STOPPED','0','{\"status\":\"saved\"}',140,'','\"\"'),('VP Ping Device','WFTasks','admin','ping.pl','2018-04-28 15:41:15',0.042004,'vD4D2LHx8OpfBft',28419,'STOPPED','0','{\"status\":\"alive\",\"host\":\"localhost\"}',141,'','\"\"'),('VP Write To File','WFTasks','admin','writetofile.pl','2018-04-28 15:41:15',0.028091,'C6onkFYyrs4EbIG',28425,'STOPPED','0','{\"status\":\"saved\"}',142,'','\"\"'),('VP Ping Device','WFTasks','admin','ping.pl','2018-04-28 15:41:16',0.041737,'OmQiQjcy5bzC9hS',28430,'STOPPED','0','{\"status\":\"alive\",\"host\":\"localhost\"}',143,'','\"\"'),('VP Write To File','WFTasks','admin','writetofile.pl','2018-04-28 15:41:16',0.027944,'HezrzOx1eWHFwAq',28435,'STOPPED','0','{\"status\":\"saved\"}',144,'','\"\"'),('VP Ping Device','WFTasks','admin','ping.pl','2018-04-28 15:41:16',0.041871,'EKuvcqE9VHFlcCm',28440,'STOPPED','0','{\"status\":\"alive\",\"host\":\"localhost\"}',145,'','\"\"'),('VP Write To File','WFTasks','admin','writetofile.pl','2018-04-28 15:41:16',0.028042,'3GXN1ZKhzM7KQAp',28445,'STOPPED','0','{\"status\":\"saved\"}',146,'','\"\"'),('VP Write To File','WFTasks','admin','writetofile.pl','2018-04-28 15:41:17',0.042622,'qGdaV5JIH3LknWq',28450,'STOPPED','0','{\"status\":\"saved\"}',147,'','\"\"'),('VP Ping Device','WFTasks','admin','ping.pl','2018-04-28 15:41:43',0.042091,'7VWDEMGeSLtXZ7x',28475,'STOPPED','0','{\"status\":\"alive\",\"host\":\"localhost\"}',148,'','\"\"'),('VP Write To File','WFTasks','admin','writetofile.pl','2018-04-28 15:41:44',0.028099,'R4fdYpMUIiNKniK',28480,'STOPPED','0','{\"status\":\"saved\"}',149,'','\"\"'),('VP Ping Device','WFTasks','admin','ping.pl','2018-04-28 15:41:44',0.041826,'o49Wgj6os7JTLBd',28485,'STOPPED','0','{\"status\":\"alive\",\"host\":\"localhost\"}',150,'','\"\"'),('VP Write To File','WFTasks','admin','writetofile.pl','2018-04-28 15:41:44',0.027853,'6Sr5FAr338RBnuJ',28490,'STOPPED','0','{\"status\":\"saved\"}',151,'','\"\"'),('VP Ping Device','WFTasks','admin','ping.pl','2018-04-28 15:41:44',0.041843,'ycqih1oQzVFNpJx',28495,'STOPPED','0','{\"status\":\"alive\",\"host\":\"localhost\"}',152,'','\"\"'),('VP Write To File','WFTasks','admin','writetofile.pl','2018-04-28 15:41:45',0.029822,'aN8SxQH7hVJndWX',28500,'STOPPED','0','{\"status\":\"saved\"}',153,'','\"\"'),('VP Ping Device','WFTasks','admin','ping.pl','2018-04-28 15:41:45',0.041764,'0jdAERgzWrxLwan',28505,'STOPPED','0','{\"status\":\"alive\",\"host\":\"localhost\"}',154,'','\"\"'),('VP Write To File','WFTasks','admin','writetofile.pl','2018-04-28 15:41:45',0.028914,'FIZtGvFSQp369Hw',28510,'STOPPED','0','{\"status\":\"saved\"}',155,'','\"\"'),('VP Ping Device','WFTasks','admin','ping.pl','2018-04-28 15:41:45',0.041686,'nXr1Hp6rW8vMHgE',28516,'STOPPED','0','{\"status\":\"alive\",\"host\":\"localhost\"}',156,'','\"\"'),('VP Write To File','WFTasks','admin','writetofile.pl','2018-04-28 15:41:46',0.030131,'lFceRkRQy7v0cfZ',28521,'STOPPED','0','{\"status\":\"saved\"}',157,'','\"\"'),('VP Ping Device','WFTasks','admin','ping.pl','2018-04-28 15:41:46',0.041969,'7I1iNPW58RAaaGS',28526,'STOPPED','0','{\"status\":\"alive\",\"host\":\"localhost\"}',158,'','\"\"'),('VP Write To File','WFTasks','admin','writetofile.pl','2018-04-28 15:41:46',0.028069,'XZan92c5UR8TzQd',28532,'STOPPED','0','{\"status\":\"saved\"}',159,'','\"\"'),('VP Ping Device','WFTasks','admin','ping.pl','2018-04-28 15:41:46',0.041809,'omee1SVVodbaeHe',28537,'STOPPED','0','{\"status\":\"alive\",\"host\":\"localhost\"}',160,'','\"\"'),('VP Write To File','WFTasks','admin','writetofile.pl','2018-04-28 15:41:47',0.028149,'hHS9yX9JfEv8HXV',28542,'STOPPED','0','{\"status\":\"saved\"}',161,'','\"\"'),('VP Write To File','WFTasks','admin','writetofile.pl','2018-04-28 15:41:47',0.027980,'gA3YaD5QQ2ag3FZ',28547,'STOPPED','0','{\"status\":\"saved\"}',162,'','\"\"'),('VP Ping Device','WFTasks','admin','ping.pl','2018-04-28 16:08:46',0.059807,'L1HDfX20dFgm3TR',31152,'STOPPED','0','{\"status\":\"alive\",\"host\":\"localhost\"}',163,'','\"\"'),('VP Write To File','WFTasks','admin','writetofile.pl','2018-04-28 16:08:46',0.028502,'nOa5ZKTyHGqveXm',31157,'STOPPED','0','{\"status\":\"saved\"}',164,'','\"\"'),('VP Ping Device','WFTasks','admin','ping.pl','2018-04-28 16:08:47',0.154688,'xYnDogdKajkJOd4',31162,'STOPPED','0','{\"status\":\"unreachable\",\"host\":\"\"}',165,'Unknown option: localhost\n','\"\"'),('VP Write To File','WFTasks','admin','writetofile.pl','2018-04-28 16:08:47',0.027821,'oMYiGXzHAjQ26qT',31167,'STOPPED','0','{\"status\":\"saved\"}',166,'','\"\"'),('VP Ping Device','WFTasks','admin','ping.pl','2018-04-28 16:13:24',0.072372,'MCmgUkzK1T6aenF',31608,'STOPPED','0','{\"status\":\"alive\",\"host\":\"localhost\"}',167,'','\"\"'),('VP Write To File','WFTasks','admin','writetofile.pl','2018-04-28 16:13:25',0.027947,'kbIs9W3m5DBhJeB',31613,'STOPPED','0','{\"status\":\"saved\"}',168,'','\"\"'),('VP Ping Device','WFTasks','admin','ping.pl','2018-04-28 16:13:25',0.042714,'r0PnzhnP7uhCvzd',31618,'STOPPED','0','{\"status\":\"unreachable\",\"host\":\"\"}',169,'Unknown option: localhost\n','\"\"'),('VP Write To File','WFTasks','admin','writetofile.pl','2018-04-28 16:13:25',0.028561,'7WHSfvv1ITZQmYE',31623,'STOPPED','0','{\"status\":\"saved\"}',170,'','\"\"'),('VP Ping Device','WFTasks','admin','ping.pl','2018-04-28 16:17:16',0.042171,'YNfc9dkWzI7J8Wu',32061,'STOPPED','0','{\"status\":\"alive\",\"host\":\"localhost\"}',171,'','\"\"'),('VP Write To File','WFTasks','admin','writetofile.pl','2018-04-28 16:17:16',0.028266,'8yZhIiEMnDe0Cqh',32066,'STOPPED','0','{\"status\":\"saved\"}',172,'','\"\"'),('VP Ping Device','WFTasks','admin','ping.pl','2018-04-28 16:17:17',0.042235,'D52PZ50TKojm3Nh',32071,'STOPPED','0','{\"status\":\"alive\",\"host\":\"localhost\"}',173,'','\"\"'),('VP Write To File','WFTasks','admin','writetofile.pl','2018-04-28 16:17:17',0.028311,'XFGstkJKEQpX00O',32076,'STOPPED','0','{\"status\":\"saved\"}',174,'','\"\"'),('VP Ping Device','WFTasks','admin','ping.pl','2018-04-28 16:17:17',0.042139,'1qfB9UJGA4lYhMb',32081,'STOPPED','0','{\"status\":\"alive\",\"host\":\"localhost\"}',175,'','\"\"'),('VP Write To File','WFTasks','admin','writetofile.pl','2018-04-28 16:17:17',0.028146,'rSI32wQjzWsPFzA',32086,'STOPPED','0','{\"status\":\"saved\"}',176,'','\"\"'),('VP Ping Device','WFTasks','admin','ping.pl','2018-04-28 16:17:18',0.042381,'MK546tQXDnrwaFa',32091,'STOPPED','0','{\"status\":\"alive\",\"host\":\"localhost\"}',177,'','\"\"'),('VP Write To File','WFTasks','admin','writetofile.pl','2018-04-28 16:17:18',0.028172,'nxZc4aCLT92mkjy',32096,'STOPPED','0','{\"status\":\"saved\"}',178,'','\"\"'),('VP Ping Device','WFTasks','admin','ping.pl','2018-04-28 16:17:18',0.042479,'0eOK0HpNcZi6Abo',32102,'STOPPED','0','{\"status\":\"alive\",\"host\":\"localhost\"}',179,'','\"\"'),('VP Write To File','WFTasks','admin','writetofile.pl','2018-04-28 16:17:18',0.029784,'s2ONnAFvTeB53G6',32107,'STOPPED','0','{\"status\":\"saved\"}',180,'','\"\"'),('VP Ping Device','WFTasks','admin','ping.pl','2018-04-28 16:17:19',0.042230,'tW7YhYFDr7CaUaa',32112,'STOPPED','0','{\"status\":\"alive\",\"host\":\"localhost\"}',181,'','\"\"'),('VP Write To File','WFTasks','admin','writetofile.pl','2018-04-28 16:17:19',0.029008,'F3gnpLNAaevTec8',32117,'STOPPED','0','{\"status\":\"saved\"}',182,'','\"\"'),('VP Ping Device','WFTasks','admin','ping.pl','2018-04-28 16:17:19',0.042120,'3uVwly2HbvbsROd',32122,'STOPPED','0','{\"status\":\"alive\",\"host\":\"localhost\"}',183,'','\"\"'),('VP Write To File','WFTasks','admin','writetofile.pl','2018-04-28 16:17:19',0.029977,'f1nkdSLJCpQ4GAA',32127,'STOPPED','0','{\"status\":\"saved\"}',184,'','\"\"'),('VP Write To File','WFTasks','admin','writetofile.pl','2018-04-28 16:17:20',0.028134,'HR0AN0I9gWOm5Z1',32132,'STOPPED','0','{\"status\":\"saved\"}',185,'','\"\"'),('VP MySQL Query','WFTasks','admin','mysqlquery.pl','2018-04-28 23:43:36',0.050738,'pt7kWlpMPLhpBXh',8867,'STOPPED','0','{\"status\":\"OK\",\"queryoutput\":[{\"custstate\":\"IL\",\"custcountry\":\"USA\",\"custcity\":\"Chicago\",\"custstreet\":\"123 WindyCity Lane\",\"custid\":\"1\",\"postalcode\":\"60657\",\"custname\":\"VirtuOps\"},{\"custstate\":\"AZ\",\"custcountry\":\"USA\",\"custcity\":\"Mesa\",\"custstreet\":\"204 Coyote Place\",\"custid\":\"2\",\"postalcode\":\"85200\",\"custname\":\"ACME\"},{\"custstate\":\"IL\",\"custcountry\":\"USA\",\"custcity\":\"Springfield\",\"custstreet\":\"234 Hero Ave\",\"custid\":\"3\",\"postalcode\":\"62629\",\"custname\":\"SuperCorp\"}]}',186,'','\"\"'),('VP MySQL Query','WFTasks','admin','mysqlquery.pl','2018-04-29 15:19:53',0.050725,'E3gSUk3WLKdw1JK',19933,'STOPPED','0','{\"customeraddrs\":[{\"custstate\":\"IL\",\"custcountry\":\"USA\",\"custcity\":\"Chicago\",\"custstreet\":\"123 WindyCity Lane\",\"custid\":\"1\",\"postalcode\":\"60657\",\"custname\":\"VirtuOps\"},{\"custstate\":\"AZ\",\"custcountry\":\"USA\",\"custcity\":\"Mesa\",\"custstreet\":\"204 Coyote Place\",\"custid\":\"2\",\"postalcode\":\"85200\",\"custname\":\"ACME\"},{\"custstate\":\"IL\",\"custcountry\":\"USA\",\"custcity\":\"Springfield\",\"custstreet\":\"234 Hero Ave\",\"custid\":\"3\",\"postalcode\":\"62629\",\"custname\":\"SuperCorp\"}],\"status\":\"OK\"}',187,'','\"\"'),('VP MySQL Query','WFTasks','admin','mysqlquery.pl','2018-04-29 15:26:12',0.050915,'YKQVhyhsBdUA2DF',20528,'STOPPED','0','{\"customeraddrs\":[{\"custstate\":\"IL\",\"custcountry\":\"USA\",\"custcity\":\"Chicago\",\"custstreet\":\"123 WindyCity Lane\",\"custid\":\"1\",\"postalcode\":\"60657\",\"custname\":\"VirtuOps\"},{\"custstate\":\"AZ\",\"custcountry\":\"USA\",\"custcity\":\"Mesa\",\"custstreet\":\"204 Coyote Place\",\"custid\":\"2\",\"postalcode\":\"85200\",\"custname\":\"ACME\"},{\"custstate\":\"IL\",\"custcountry\":\"USA\",\"custcity\":\"Springfield\",\"custstreet\":\"234 Hero Ave\",\"custid\":\"3\",\"postalcode\":\"62629\",\"custname\":\"SuperCorp\"}],\"status\":\"OK\"}',188,'','\"\"'),('VP MySQL Query','WFTasks','admin','mysqlquery.pl','2018-04-29 15:27:05',0.050795,'xMSkIonGjKxUvwE',20616,'STOPPED','0','{\"customeraddrs\":[{\"custstate\":\"IL\",\"custcountry\":\"USA\",\"custcity\":\"Chicago\",\"custstreet\":\"123 WindyCity Lane\",\"custid\":\"1\",\"postalcode\":\"60657\",\"custname\":\"VirtuOps\"},{\"custstate\":\"AZ\",\"custcountry\":\"USA\",\"custcity\":\"Mesa\",\"custstreet\":\"204 Coyote Place\",\"custid\":\"2\",\"postalcode\":\"85200\",\"custname\":\"ACME\"},{\"custstate\":\"IL\",\"custcountry\":\"USA\",\"custcity\":\"Springfield\",\"custstreet\":\"234 Hero Ave\",\"custid\":\"3\",\"postalcode\":\"62629\",\"custname\":\"SuperCorp\"}],\"status\":\"OK\"}',189,'','\"\"'),('VP Write To File','WFTasks','admin','writetofile.pl','2018-04-29 15:27:06',0.027866,'JCfipmsG86wEUUg',20622,'STOPPED','0','{\"status\":\"saved\"}',190,'','\"\"'),('VP MySQL Query','WFTasks','admin','mysqlquery.pl','2018-04-29 15:31:04',0.051272,'UYpI4RSQnsqO4ed',20988,'STOPPED','0','{\"customeraddrs\":[{\"custstate\":\"IL\",\"custcountry\":\"USA\",\"custcity\":\"Chicago\",\"custstreet\":\"123 WindyCity Lane\",\"custid\":\"1\",\"postalcode\":\"60657\",\"custname\":\"VirtuOps\"},{\"custstate\":\"AZ\",\"custcountry\":\"USA\",\"custcity\":\"Mesa\",\"custstreet\":\"204 Coyote Place\",\"custid\":\"2\",\"postalcode\":\"85200\",\"custname\":\"ACME\"},{\"custstate\":\"IL\",\"custcountry\":\"USA\",\"custcity\":\"Springfield\",\"custstreet\":\"234 Hero Ave\",\"custid\":\"3\",\"postalcode\":\"62629\",\"custname\":\"SuperCorp\"}],\"status\":\"OK\"}',191,'','\"\"'),('VP Write To File','WFTasks','admin','writetofile.pl','2018-04-29 15:31:04',0.028193,'y2WodR0krSrLXja',20995,'STOPPED','0','{\"status\":\"saved\"}',192,'','\"\"'),('VP MySQL Query','WFTasks','admin','mysqlquery.pl','2018-04-29 15:32:16',0.050912,'RnDKTBL8jItoQJ2',21143,'STOPPED','0','{\"customeraddrs\":[{\"custstate\":\"IL\",\"custcountry\":\"USA\",\"custcity\":\"Chicago\",\"custstreet\":\"123 WindyCity Lane\",\"custid\":\"1\",\"postalcode\":\"60657\",\"custname\":\"VirtuOps\"},{\"custstate\":\"AZ\",\"custcountry\":\"USA\",\"custcity\":\"Mesa\",\"custstreet\":\"204 Coyote Place\",\"custid\":\"2\",\"postalcode\":\"85200\",\"custname\":\"ACME\"},{\"custstate\":\"IL\",\"custcountry\":\"USA\",\"custcity\":\"Springfield\",\"custstreet\":\"234 Hero Ave\",\"custid\":\"3\",\"postalcode\":\"62629\",\"custname\":\"SuperCorp\"}],\"status\":\"OK\"}',193,'','\"\"'),('VP Write To File','WFTasks','admin','writetofile.pl','2018-04-29 15:32:17',0.028365,'Kj8wwu6EDruRBq8',21149,'STOPPED','0','{\"status\":\"saved\"}',194,'','\"\"'),('VP MySQL Query','WFTasks','admin','mysqlquery.pl','2018-04-29 15:45:15',0.050650,'awi6lm8IXDXQZPW',22363,'STOPPED','0','{\"customeraddrs\":[{\"custstate\":\"IL\",\"custcountry\":\"USA\",\"custcity\":\"Chicago\",\"custstreet\":\"123 WindyCity Lane\",\"custid\":\"1\",\"postalcode\":\"60657\",\"custname\":\"VirtuOps\"},{\"custstate\":\"AZ\",\"custcountry\":\"USA\",\"custcity\":\"Mesa\",\"custstreet\":\"204 Coyote Place\",\"custid\":\"2\",\"postalcode\":\"85200\",\"custname\":\"ACME\"},{\"custstate\":\"IL\",\"custcountry\":\"USA\",\"custcity\":\"Springfield\",\"custstreet\":\"234 Hero Ave\",\"custid\":\"3\",\"postalcode\":\"62629\",\"custname\":\"SuperCorp\"}],\"status\":\"OK\"}',195,'','\"\"'),('VP Write To File','WFTasks','admin','writetofile.pl','2018-04-29 15:45:15',0.027899,'xPbZ8iY5UcQp8p3',22369,'STOPPED','0','{\"status\":\"saved\"}',196,'','\"\"'),('VP MySQL Query','WFTasks','admin','mysqlquery.pl','2018-04-29 15:46:46',0.050829,'4iPvgxqXIH1n7Lg',22475,'STOPPED','0','{\"customeraddrs\":[{\"custstate\":\"IL\",\"custcountry\":\"USA\",\"custcity\":\"Chicago\",\"custstreet\":\"123 WindyCity Lane\",\"custid\":\"1\",\"postalcode\":\"60657\",\"custname\":\"VirtuOps\"},{\"custstate\":\"AZ\",\"custcountry\":\"USA\",\"custcity\":\"Mesa\",\"custstreet\":\"204 Coyote Place\",\"custid\":\"2\",\"postalcode\":\"85200\",\"custname\":\"ACME\"},{\"custstate\":\"IL\",\"custcountry\":\"USA\",\"custcity\":\"Springfield\",\"custstreet\":\"234 Hero Ave\",\"custid\":\"3\",\"postalcode\":\"62629\",\"custname\":\"SuperCorp\"}],\"status\":\"OK\"}',197,'','\"\"'),('VP Write To File','WFTasks','admin','writetofile.pl','2018-04-29 15:46:46',0.027918,'nfKumfO9ufRfn4T',22482,'STOPPED','0','{\"status\":\"saved\"}',198,'','\"\"'),('VP MySQL Query','WFTasks','admin','mysqlquery.pl','2018-04-29 15:52:05',0.050688,'R79iykQGRce037H',22992,'STOPPED','0','{\"customeraddrs\":[{\"custstate\":\"IL\",\"custcountry\":\"USA\",\"custcity\":\"Chicago\",\"custstreet\":\"123 WindyCity Lane\",\"custid\":\"1\",\"postalcode\":\"60657\",\"custname\":\"VirtuOps\"},{\"custstate\":\"AZ\",\"custcountry\":\"USA\",\"custcity\":\"Mesa\",\"custstreet\":\"204 Coyote Place\",\"custid\":\"2\",\"postalcode\":\"85200\",\"custname\":\"ACME\"},{\"custstate\":\"IL\",\"custcountry\":\"USA\",\"custcity\":\"Springfield\",\"custstreet\":\"234 Hero Ave\",\"custid\":\"3\",\"postalcode\":\"62629\",\"custname\":\"SuperCorp\"}],\"status\":\"OK\"}',199,'','\"\"'),('VP Write To File','WFTasks','admin','writetofile.pl','2018-04-29 15:52:05',0.027941,'xx3Bfs1oJrb73uh',22998,'STOPPED','0','{\"status\":\"saved\"}',200,'','\"\"'),('VP Write To File','WFTasks','admin','writetofile.pl','2018-04-29 15:52:06',0.028021,'G9Jv2aDPHGBZkVy',23003,'STOPPED','0','{\"status\":\"saved\"}',201,'','\"\"'),('VP Write To File','WFTasks','admin','writetofile.pl','2018-04-29 15:52:06',0.044604,'x0FumY0QKrbgNsY',23008,'STOPPED','0','{\"status\":\"saved\"}',202,'','\"\"'),('VP Write To File','WFTasks','admin','writetofile.pl','2018-04-29 15:52:06',0.027986,'Xbn8XatvAWStnAg',23014,'STOPPED','0','{\"status\":\"saved\"}',203,'','\"\"'),('VP MySQL Query','WFTasks','admin','mysqlquery.pl','2018-04-29 15:59:56',0.055844,'0ok3uKoPVP3GaRh',23654,'STOPPED','0','{\"customeraddrs\":[{\"custstate\":\"IL\",\"custcountry\":\"USA\",\"custcity\":\"Chicago\",\"custstreet\":\"123 WindyCity Lane\",\"custid\":\"1\",\"postalcode\":\"60657\",\"custname\":\"VirtuOps\"},{\"custstate\":\"AZ\",\"custcountry\":\"USA\",\"custcity\":\"Mesa\",\"custstreet\":\"204 Coyote Place\",\"custid\":\"2\",\"postalcode\":\"85200\",\"custname\":\"ACME\"},{\"custstate\":\"IL\",\"custcountry\":\"USA\",\"custcity\":\"Springfield\",\"custstreet\":\"234 Hero Ave\",\"custid\":\"3\",\"postalcode\":\"62629\",\"custname\":\"SuperCorp\"}],\"status\":\"OK\"}',204,'','\"\"'),('VP Write To File','WFTasks','admin','writetofile.pl','2018-04-29 15:59:56',0.028718,'RRFxgEhBWCpQWLi',23661,'STOPPED','0','{\"status\":\"saved\"}',205,'','\"\"'),('VP Write To File','WFTasks','admin','writetofile.pl','2018-04-29 15:59:57',0.027855,'LJ8W7SHtXzamLnZ',23666,'STOPPED','0','{\"status\":\"saved\"}',206,'','\"\"'),('VP Write To File','WFTasks','admin','writetofile.pl','2018-04-29 15:59:57',0.028115,'cppd1oDAXrQgkAU',23671,'STOPPED','0','{\"status\":\"saved\"}',207,'','\"\"'),('VP Write To File','WFTasks','admin','writetofile.pl','2018-04-29 15:59:57',0.028176,'Q70OgOK1ragpFaq',23676,'STOPPED','0','{\"status\":\"saved\"}',208,'','\"\"'),('VP MySQL Query','WFTasks','admin','mysqlquery.pl','2018-04-29 16:05:22',0.050753,'cwUb5seT84iVeXp',24205,'STOPPED','0','{\"customeraddrs\":[{\"custstate\":\"IL\",\"custcountry\":\"USA\",\"custcity\":\"Chicago\",\"custstreet\":\"123 WindyCity Lane\",\"custid\":\"1\",\"postalcode\":\"60657\",\"custname\":\"VirtuOps\"},{\"custstate\":\"AZ\",\"custcountry\":\"USA\",\"custcity\":\"Mesa\",\"custstreet\":\"204 Coyote Place\",\"custid\":\"2\",\"postalcode\":\"85200\",\"custname\":\"ACME\"},{\"custstate\":\"IL\",\"custcountry\":\"USA\",\"custcity\":\"Springfield\",\"custstreet\":\"234 Hero Ave\",\"custid\":\"3\",\"postalcode\":\"62629\",\"custname\":\"SuperCorp\"}],\"status\":\"OK\"}',209,'','\"\"'),('VP Write To File','WFTasks','admin','writetofile.pl','2018-04-29 16:05:22',0.027851,'u0mOLnGOs066Use',24211,'STOPPED','0','{\"status\":\"saved\"}',210,'','\"\"'),('VP Write To File','WFTasks','admin','writetofile.pl','2018-04-29 16:05:22',0.028281,'QLRljLwJvzNq0pa',24216,'STOPPED','0','{\"status\":\"saved\"}',211,'','\"\"'),('VP Write To File','WFTasks','admin','writetofile.pl','2018-04-29 16:05:22',0.029424,'iw9MepaZK3raVxa',24221,'STOPPED','0','{\"status\":\"saved\"}',212,'','\"\"'),('VP Write To File','WFTasks','admin','writetofile.pl','2018-04-29 16:05:23',0.029397,'r9jj1RKLm5NX4WO',24226,'STOPPED','0','{\"status\":\"saved\"}',213,'','\"\"'),('VP MySQL Query','WFTasks','admin','mysqlquery.pl','2018-04-29 19:06:55',0.051116,'DKoYljGG2FBbagy',8781,'STOPPED','0','{\"customeraddrs\":[{\"custstate\":\"IL\",\"custcountry\":\"USA\",\"custcity\":\"Chicago\",\"custstreet\":\"123 WindyCity Lane\",\"custid\":\"1\",\"postalcode\":\"60657\",\"custname\":\"VirtuOps\"},{\"custstate\":\"AZ\",\"custcountry\":\"USA\",\"custcity\":\"Mesa\",\"custstreet\":\"204 Coyote Place\",\"custid\":\"2\",\"postalcode\":\"85200\",\"custname\":\"ACME\"},{\"custstate\":\"IL\",\"custcountry\":\"USA\",\"custcity\":\"Springfield\",\"custstreet\":\"234 Hero Ave\",\"custid\":\"3\",\"postalcode\":\"62629\",\"custname\":\"SuperCorp\"}],\"status\":\"OK\"}',214,'','\"\"'),('VP Write To File','WFTasks','admin','writetofile.pl','2018-04-29 19:06:56',0.028279,'2Ji2gPJCzJXQPbU',8787,'STOPPED','0','{\"status\":\"saved\"}',215,'','\"\"'),('VP Write To File','WFTasks','admin','writetofile.pl','2018-04-29 19:06:56',0.028425,'AVpqvE0pvQBjrgJ',8792,'STOPPED','0','{\"status\":\"saved\"}',216,'','\"\"'),('VP Write To File','WFTasks','admin','writetofile.pl','2018-04-29 19:06:56',0.028184,'q8VXZ2DfSt8KDZa',8798,'STOPPED','0','{\"status\":\"saved\"}',217,'','\"\"'),('VP Write To File','WFTasks','admin','writetofile.pl','2018-04-29 19:06:56',0.029822,'yZ2AMBwBPc253wG',8803,'STOPPED','0','{\"status\":\"saved\"}',218,'','\"\"'),('VP MySQL Query','WFTasks','admin','mysqlquery.pl','2018-04-29 19:07:10',0.051046,'SUC5bQoRNll6FKw',8873,'STOPPED','0','{\"customeraddrs\":[{\"custstate\":\"IL\",\"custcountry\":\"USA\",\"custcity\":\"Chicago\",\"custstreet\":\"123 WindyCity Lane\",\"custid\":\"1\",\"postalcode\":\"60657\",\"custname\":\"VirtuOps\"},{\"custstate\":\"AZ\",\"custcountry\":\"USA\",\"custcity\":\"Mesa\",\"custstreet\":\"204 Coyote Place\",\"custid\":\"2\",\"postalcode\":\"85200\",\"custname\":\"ACME\"},{\"custstate\":\"IL\",\"custcountry\":\"USA\",\"custcity\":\"Springfield\",\"custstreet\":\"234 Hero Ave\",\"custid\":\"3\",\"postalcode\":\"62629\",\"custname\":\"SuperCorp\"}],\"status\":\"OK\"}',219,'','\"\"'),('VP Write To File','WFTasks','admin','writetofile.pl','2018-04-29 19:07:10',0.031178,'ToGpqv6C7eXJmf5',8879,'STOPPED','0','{\"status\":\"saved\"}',220,'','\"\"'),('VP Write To File','WFTasks','admin','writetofile.pl','2018-04-29 19:07:10',0.030002,'wy4bah7pGoazSrV',8884,'STOPPED','0','{\"status\":\"saved\"}',221,'','\"\"'),('VP Write To File','WFTasks','admin','writetofile.pl','2018-04-29 19:07:11',0.029903,'Xx1ibutgE5rvQYo',8889,'STOPPED','0','{\"status\":\"saved\"}',222,'','\"\"'),('VP Write To File','WFTasks','admin','writetofile.pl','2018-04-29 19:07:11',0.028556,'WoX9Zi03HLtHMOm',8894,'STOPPED','0','{\"status\":\"saved\"}',223,'','\"\"'),('VP MySQL Query','WFTasks','admin','mysqlquery.pl','2018-04-29 19:14:06',0.051277,'XU2Q04Yi46pcv8R',9588,'STOPPED','0','{\"customeraddrs\":[{\"custstate\":\"IL\",\"custcountry\":\"USA\",\"custcity\":\"Chicago\",\"custstreet\":\"123 WindyCity Lane\",\"custid\":\"1\",\"postalcode\":\"60657\",\"custname\":\"VirtuOps\"},{\"custstate\":\"AZ\",\"custcountry\":\"USA\",\"custcity\":\"Mesa\",\"custstreet\":\"204 Coyote Place\",\"custid\":\"2\",\"postalcode\":\"85200\",\"custname\":\"ACME\"},{\"custstate\":\"IL\",\"custcountry\":\"USA\",\"custcity\":\"Springfield\",\"custstreet\":\"234 Hero Ave\",\"custid\":\"3\",\"postalcode\":\"62629\",\"custname\":\"SuperCorp\"}],\"status\":\"OK\"}',224,'','\"\"'),('VP Write To File','WFTasks','admin','writetofile.pl','2018-04-29 19:14:06',0.027767,'TsK3zRv4SNVzBbN',9595,'STOPPED','0','{\"status\":\"saved\"}',225,'','\"\"'),('VP Write To File','WFTasks','admin','writetofile.pl','2018-04-29 19:14:06',0.029081,'K83aI6QSThhu1RH',9600,'STOPPED','0','{\"status\":\"saved\"}',226,'','\"\"'),('VP Write To File','WFTasks','admin','writetofile.pl','2018-04-29 19:14:06',0.031374,'jgfJAzESadSjoT4',9605,'STOPPED','0','{\"status\":\"saved\"}',227,'','\"\"'),('VP Write To File','WFTasks','admin','writetofile.pl','2018-04-29 19:14:07',0.028857,'LnV8BtMCTEc2cT6',9610,'STOPPED','0','{\"status\":\"saved\"}',228,'','\"\"'),('VP MySQL Query','WFTasks','admin','mysqlquery.pl','2018-04-29 19:27:46',0.050486,'GtBRDC2n9UbeBaz',10851,'STOPPED','0','{\"customeraddrs\":[{\"custstate\":\"IL\",\"custcountry\":\"USA\",\"custcity\":\"Chicago\",\"custstreet\":\"123 WindyCity Lane\",\"custid\":\"1\",\"postalcode\":\"60657\",\"custname\":\"VirtuOps\"},{\"custstate\":\"AZ\",\"custcountry\":\"USA\",\"custcity\":\"Mesa\",\"custstreet\":\"204 Coyote Place\",\"custid\":\"2\",\"postalcode\":\"85200\",\"custname\":\"ACME\"},{\"custstate\":\"IL\",\"custcountry\":\"USA\",\"custcity\":\"Springfield\",\"custstreet\":\"234 Hero Ave\",\"custid\":\"3\",\"postalcode\":\"62629\",\"custname\":\"SuperCorp\"}],\"status\":\"OK\"}',229,'','\"\"'),('VP Write To File','WFTasks','admin','writetofile.pl','2018-04-29 19:27:46',0.029278,'0RX2EZHhRDaEJg1',10857,'STOPPED','0','{\"status\":\"saved\"}',230,'','\"\"'),('VP Write To File','WFTasks','admin','writetofile.pl','2018-04-29 19:27:47',0.029193,'TvQEexIZe4q3iBd',10862,'STOPPED','0','{\"status\":\"saved\"}',231,'','\"\"'),('VP Write To File','WFTasks','admin','writetofile.pl','2018-04-29 19:27:47',0.028189,'H5N7yUJhcWvFcIP',10867,'STOPPED','0','{\"status\":\"saved\"}',232,'','\"\"'),('VP MySQL Query','WFTasks','admin','mysqlquery.pl','2018-04-29 19:57:04',0.050635,'PQXxACZgXyTMtvm',13600,'STOPPED','0','{\"customeraddrs\":[{\"custstate\":\"IL\",\"custcountry\":\"USA\",\"custcity\":\"Chicago\",\"custstreet\":\"123 WindyCity Lane\",\"custid\":\"1\",\"postalcode\":\"60657\",\"custname\":\"VirtuOps\"},{\"custstate\":\"AZ\",\"custcountry\":\"USA\",\"custcity\":\"Mesa\",\"custstreet\":\"204 Coyote Place\",\"custid\":\"2\",\"postalcode\":\"85200\",\"custname\":\"ACME\"},{\"custstate\":\"IL\",\"custcountry\":\"USA\",\"custcity\":\"Springfield\",\"custstreet\":\"234 Hero Ave\",\"custid\":\"3\",\"postalcode\":\"62629\",\"custname\":\"SuperCorp\"}],\"status\":\"OK\"}',233,'','\"\"'),('VP Write To File','WFTasks','admin','writetofile.pl','2018-04-29 19:57:04',0.031047,'Ew1WEBPIXPyeGGz',13606,'STOPPED','0','{\"status\":\"saved\"}',234,'','\"\"'),('VP Write To File','WFTasks','admin','writetofile.pl','2018-04-29 19:57:04',0.028325,'ovi5hdOuzDvRQkk',13611,'STOPPED','0','{\"status\":\"saved\"}',235,'','\"\"'),('VP Write To File','WFTasks','admin','writetofile.pl','2018-04-29 19:57:05',0.028176,'3QsV9yW0mXQAP8i',13616,'STOPPED','0','{\"status\":\"saved\"}',236,'','\"\"'),('VP MySQL Query','WFTasks','admin','mysqlquery.pl','2018-04-29 19:59:21',0.050715,'861RdYCUqK0VSvj',13809,'STOPPED','0','{\"customeraddrs\":[{\"custstate\":\"IL\",\"custcountry\":\"USA\",\"custcity\":\"Chicago\",\"custstreet\":\"123 WindyCity Lane\",\"custid\":\"1\",\"postalcode\":\"60657\",\"custname\":\"VirtuOps\"},{\"custstate\":\"AZ\",\"custcountry\":\"USA\",\"custcity\":\"Mesa\",\"custstreet\":\"204 Coyote Place\",\"custid\":\"2\",\"postalcode\":\"85200\",\"custname\":\"ACME\"},{\"custstate\":\"IL\",\"custcountry\":\"USA\",\"custcity\":\"Springfield\",\"custstreet\":\"234 Hero Ave\",\"custid\":\"3\",\"postalcode\":\"62629\",\"custname\":\"SuperCorp\"}],\"status\":\"OK\"}',237,'','\"\"'),('VP Write To File','WFTasks','admin','writetofile.pl','2018-04-29 19:59:21',0.028047,'sSXXsNqai9Idz1l',13815,'STOPPED','0','{\"status\":\"saved\"}',238,'','\"\"'),('VP Write To File','WFTasks','admin','writetofile.pl','2018-04-29 19:59:22',0.028067,'CRaqioRKkWVWhW6',13820,'STOPPED','0','{\"status\":\"saved\"}',239,'','\"\"'),('VP Write To File','WFTasks','admin','writetofile.pl','2018-04-29 19:59:22',0.028283,'1ogox6JrmDQngIX',13825,'STOPPED','0','{\"status\":\"saved\"}',240,'','\"\"'),('VP MySQL Query','WFTasks','admin','mysqlquery.pl','2018-04-29 21:07:33',0.051172,'YNDUEVydXJKi9f0',19979,'STOPPED','0','{\"customeraddrs\":[{\"custstate\":\"IL\",\"custcountry\":\"USA\",\"custcity\":\"Chicago\",\"custstreet\":\"123 WindyCity Lane\",\"custid\":\"1\",\"postalcode\":\"60657\",\"custname\":\"VirtuOps\"},{\"custstate\":\"AZ\",\"custcountry\":\"USA\",\"custcity\":\"Mesa\",\"custstreet\":\"204 Coyote Place\",\"custid\":\"2\",\"postalcode\":\"85200\",\"custname\":\"ACME\"},{\"custstate\":\"IL\",\"custcountry\":\"USA\",\"custcity\":\"Springfield\",\"custstreet\":\"234 Hero Ave\",\"custid\":\"3\",\"postalcode\":\"62629\",\"custname\":\"SuperCorp\"}],\"status\":\"OK\"}',241,'','\"\"'),('VP Write To File','WFTasks','admin','writetofile.pl','2018-04-29 21:07:33',0.028523,'3bqwrZHqOeh01x1',19985,'STOPPED','0','{\"status\":\"saved\"}',242,'','\"\"'),('VP Write To File','WFTasks','admin','writetofile.pl','2018-04-29 21:07:34',0.030513,'Kg5AlNbEgBsz6By',19990,'STOPPED','0','{\"status\":\"saved\"}',243,'','\"\"'),('VP Write To File','WFTasks','admin','writetofile.pl','2018-04-29 21:07:34',0.076936,'GrYvNDiKMPwQgax',19995,'STOPPED','0','{\"status\":\"saved\"}',244,'','\"\"'),('VP MySQL Query','WFTasks','admin','mysqlquery.pl','2018-04-29 21:11:33',0.050967,'wZcFbEG1UEPLG2s',20432,'STOPPED','0','{\"customeraddrs\":[{\"custstate\":\"IL\",\"custcountry\":\"USA\",\"custcity\":\"Chicago\",\"custstreet\":\"123 WindyCity Lane\",\"custid\":\"1\",\"postalcode\":\"60657\",\"custname\":\"VirtuOps\"},{\"custstate\":\"AZ\",\"custcountry\":\"USA\",\"custcity\":\"Mesa\",\"custstreet\":\"204 Coyote Place\",\"custid\":\"2\",\"postalcode\":\"85200\",\"custname\":\"ACME\"},{\"custstate\":\"IL\",\"custcountry\":\"USA\",\"custcity\":\"Springfield\",\"custstreet\":\"234 Hero Ave\",\"custid\":\"3\",\"postalcode\":\"62629\",\"custname\":\"SuperCorp\"}],\"status\":\"OK\"}',245,'','\"\"'),('VP Write To File','WFTasks','admin','writetofile.pl','2018-04-29 21:11:33',0.028680,'Zn9jtXThSMVq1tm',20438,'STOPPED','0','{\"status\":\"saved\"}',246,'','\"\"'),('VP Write To File','WFTasks','admin','writetofile.pl','2018-04-29 21:11:33',0.029597,'x7iuD8KYJZxG5cn',20444,'STOPPED','0','{\"status\":\"saved\"}',247,'','\"\"'),('VP Write To File','WFTasks','admin','writetofile.pl','2018-04-29 21:11:33',0.028294,'JqxerAx1RfcUyd6',20449,'STOPPED','0','{\"status\":\"saved\"}',248,'','\"\"'),('VP MySQL Query','WFTasks','admin','mysqlquery.pl','2018-04-29 21:14:51',0.050862,'itTzJ9XxRiYo3uL',20728,'STOPPED','0','{\"customeraddrs\":[{\"custstate\":\"IL\",\"custcountry\":\"USA\",\"custcity\":\"Chicago\",\"custstreet\":\"123 WindyCity Lane\",\"custid\":\"1\",\"postalcode\":\"60657\",\"custname\":\"VirtuOps\"},{\"custstate\":\"AZ\",\"custcountry\":\"USA\",\"custcity\":\"Mesa\",\"custstreet\":\"204 Coyote Place\",\"custid\":\"2\",\"postalcode\":\"85200\",\"custname\":\"ACME\"},{\"custstate\":\"IL\",\"custcountry\":\"USA\",\"custcity\":\"Springfield\",\"custstreet\":\"234 Hero Ave\",\"custid\":\"3\",\"postalcode\":\"62629\",\"custname\":\"SuperCorp\"}],\"status\":\"OK\"}',249,'','\"\"'),('VP Write To File','WFTasks','admin','writetofile.pl','2018-04-29 21:14:52',0.028156,'FGV9gcWSWzgZhLd',20734,'STOPPED','0','{\"status\":\"saved\"}',250,'','\"\"'),('VP Write To File','WFTasks','admin','writetofile.pl','2018-04-29 21:14:52',0.028078,'TZxAz5rDaO4RCvZ',20739,'STOPPED','0','{\"status\":\"saved\"}',251,'','\"\"'),('VP Write To File','WFTasks','admin','writetofile.pl','2018-04-29 21:14:52',0.028099,'QhC1ve5RfnHbp5E',20744,'STOPPED','0','{\"status\":\"saved\"}',252,'','\"\"'),('VP MySQL Query','WFTasks','admin','mysqlquery.pl','2018-04-29 21:19:42',0.050730,'W5RW97TFjKeQydb',21265,'STOPPED','0','{\"customeraddrs\":[{\"custstate\":\"IL\",\"custcountry\":\"USA\",\"custcity\":\"Chicago\",\"custstreet\":\"123 WindyCity Lane\",\"custid\":\"1\",\"postalcode\":\"60657\",\"custname\":\"VirtuOps\"},{\"custstate\":\"AZ\",\"custcountry\":\"USA\",\"custcity\":\"Mesa\",\"custstreet\":\"204 Coyote Place\",\"custid\":\"2\",\"postalcode\":\"85200\",\"custname\":\"ACME\"},{\"custstate\":\"IL\",\"custcountry\":\"USA\",\"custcity\":\"Springfield\",\"custstreet\":\"234 Hero Ave\",\"custid\":\"3\",\"postalcode\":\"62629\",\"custname\":\"SuperCorp\"}],\"status\":\"OK\"}',253,'','\"\"'),('VP Write To File','WFTasks','admin','writetofile.pl','2018-04-29 21:19:42',0.028196,'j2EPag4TZEOuDj3',21271,'STOPPED','0','{\"status\":\"saved\"}',254,'','\"\"'),('VP Write To File','WFTasks','admin','writetofile.pl','2018-04-29 21:19:42',0.028170,'yYEWiRmUiIvVxjS',21277,'STOPPED','0','{\"status\":\"saved\"}',255,'','\"\"'),('VP Write To File','WFTasks','admin','writetofile.pl','2018-04-29 21:19:42',0.028264,'bhfzPsfqRfyuUqW',21282,'STOPPED','0','{\"status\":\"saved\"}',256,'','\"\"'),('VP MySQL Query','WFTasks','admin','mysqlquery.pl','2018-04-29 21:19:58',0.050582,'03AM3ErfpIHAhj0',21296,'STOPPED','0','{\"customeraddrs\":[{\"custstate\":\"IL\",\"custcountry\":\"USA\",\"custcity\":\"Chicago\",\"custstreet\":\"123 WindyCity Lane\",\"custid\":\"1\",\"postalcode\":\"60657\",\"custname\":\"VirtuOps\"},{\"custstate\":\"AZ\",\"custcountry\":\"USA\",\"custcity\":\"Mesa\",\"custstreet\":\"204 Coyote Place\",\"custid\":\"2\",\"postalcode\":\"85200\",\"custname\":\"ACME\"},{\"custstate\":\"IL\",\"custcountry\":\"USA\",\"custcity\":\"Springfield\",\"custstreet\":\"234 Hero Ave\",\"custid\":\"3\",\"postalcode\":\"62629\",\"custname\":\"SuperCorp\"}],\"status\":\"OK\"}',257,'','\"\"'),('VP Write To File','WFTasks','admin','writetofile.pl','2018-04-29 21:19:58',0.028277,'xZfwnVA9jdJRDaz',21302,'STOPPED','0','{\"status\":\"saved\"}',258,'','\"\"'),('VP Write To File','WFTasks','admin','writetofile.pl','2018-04-29 21:19:59',0.030060,'Pd1E7PNHxMno7su',21307,'STOPPED','0','{\"status\":\"saved\"}',259,'','\"\"'),('VP Write To File','WFTasks','admin','writetofile.pl','2018-04-29 21:19:59',0.029383,'QBSAOUTSxMuGI0j',21312,'STOPPED','0','{\"status\":\"saved\"}',260,'','\"\"');
/*!40000 ALTER TABLE `task_logs` ENABLE KEYS */;
UNLOCK TABLES;

--
-- Table structure for table `task_problems`
--

DROP TABLE IF EXISTS `task_problems`;
/*!40101 SET @saved_cs_client     = @@character_set_client */;
/*!40101 SET character_set_client = utf8 */;
CREATE TABLE `task_problems` (
  `taskid` int(11) NOT NULL,
  `problemserial` bigint(20) NOT NULL
) ENGINE=InnoDB DEFAULT CHARSET=latin1;
/*!40101 SET character_set_client = @saved_cs_client */;

--
-- Dumping data for table `task_problems`
--

LOCK TABLES `task_problems` WRITE;
/*!40000 ALTER TABLE `task_problems` DISABLE KEYS */;
/*!40000 ALTER TABLE `task_problems` ENABLE KEYS */;
UNLOCK TABLES;

--
-- Table structure for table `task_runbooks`
--

DROP TABLE IF EXISTS `task_runbooks`;
/*!40101 SET @saved_cs_client     = @@character_set_client */;
/*!40101 SET character_set_client = utf8 */;
CREATE TABLE `task_runbooks` (
  `taskname` varchar(128) NOT NULL,
  `runbookid` varchar(128) NOT NULL,
  `taskorder` int(11) NOT NULL DEFAULT '1'
) ENGINE=InnoDB DEFAULT CHARSET=latin1;
/*!40101 SET character_set_client = @saved_cs_client */;

--
-- Dumping data for table `task_runbooks`
--

LOCK TABLES `task_runbooks` WRITE;
/*!40000 ALTER TABLE `task_runbooks` DISABLE KEYS */;
INSERT INTO `task_runbooks` VALUES ('VP Read Data','WFTasks',1),('VP Email Task','WFTasks',2),('VP Ping Device','WFTasks',3),('VP Empty File','WFTasks',4),('VP REST Query','WFTasks',5),('VP DNS Device','WFTasks',6),('VP Count File Rows','WFTasks',7),('VP Write To File','WFTasks',8),('VP MySQL Query','WFTasks',9);
/*!40000 ALTER TABLE `task_runbooks` ENABLE KEYS */;
UNLOCK TABLES;

--
-- Table structure for table `tasks`
--

DROP TABLE IF EXISTS `tasks`;
/*!40101 SET @saved_cs_client     = @@character_set_client */;
/*!40101 SET character_set_client = utf8 */;
CREATE TABLE `tasks` (
  `taskname` varchar(128) NOT NULL,
  `urlparams` varchar(1024) DEFAULT NULL,
  `userparams` varchar(1024) DEFAULT NULL,
  `actiontext` mediumtext NOT NULL,
  `actionlanguage` varchar(24) DEFAULT NULL,
  `actionfilename` varchar(128) DEFAULT NULL,
  `taskdescription` mediumtext,
  `datatype` varchar(24) DEFAULT NULL,
  `jprop` varchar(512) DEFAULT NULL,
  `fieldseparator` varchar(8) DEFAULT NULL,
  `recordseparator` varchar(8) DEFAULT NULL,
  `outputfields` mediumtext,
  `outputactions` mediumtext,
  PRIMARY KEY (`taskname`)
) ENGINE=InnoDB DEFAULT CHARSET=latin1;
/*!40101 SET character_set_client = @saved_cs_client */;

--
-- Dumping data for table `tasks`
--

LOCK TABLES `tasks` WRITE;
/*!40000 ALTER TABLE `tasks` DISABLE KEYS */;
INSERT INTO `tasks` VALUES ('VP Count File Rows','filename','','#\r\n#\r\n#  Writes data to a file for later use, one line at a time.\r\n#\r\n#\r\n\r\nuse strict;\r\nuse warnings;\r\nuse JSON;\r\nuse Getopt::Long;\r\n\r\nmy $filename=\'\';\r\nmy %output;\r\n\r\nGetOptions(\r\n        \"filename=s\" => \\$filename\r\n        );\r\n\r\nopen (FILEDATA,\"$filename\") || die \"{\\\"status\\\":\\\"Cannot open or write to \".$filename.\"\\\"}\\n\";\r\n\r\nfor (<FILEDATA>) {\r\n$output{\'status\'} = \"$.\";\r\n}\r\n\r\nmy $json = encode_json(\\%output);\r\nprint $json;\r\nclose (FILEDATA);\r\n','perl','countfilerows.pl','Synopsis:  Utility that counts rows of data in a file.\r\n\r\nInput param:  \r\nfilename = File name to count rows.  MAKE SURE that the file is readable by the web server user\r\n\r\nOutput param:  status\r\nOutput values:  <integer value of rows>, <error, something like Cannot read...>\r\n\r\nSample Params Config (fill in over on the left): \r\n{\r\n\"filename\":\"/var/www/html/nochero/tmp/files/cooloutput.txt\"\r\n}','JSON','','','','#ID, TYPE, PARAM, REQUIRED, CAPTION, STYLE\r\nfilename, text,  true, true, Filename, style=\"width: 300px\"\r\nstatus,  text,  false, true, Status, style=\"width: 300px\"',''),('VP Create Dir','dirname','','#\r\n#\r\n# Makes a directory\r\n#\r\n\r\nuse strict;\r\nuse warnings;\r\nuse Data::Dumper;\r\nuse JSON;\r\nuse File::Path qw(make_path);\r\nuse Getopt::Long;\r\n\r\n\r\nmy %output;\r\nmy ($status,$dirname);\r\n\r\nGetOptions(\r\n                \"dirname=s\" => \\$dirname\r\n        );\r\n\r\nmy @created = make_path($dirname);\r\n\r\n$output{\'createdir\'} = \\@created;\r\n\r\nmy $json = encode_json(\\%output);\r\nprint $json;\r\n','perl','createdir.pl','Synopsis:  Creates a directory\r\n\r\nInput params: \r\ndirname = full path to the new dir you want to create\r\n\r\nOutput param:  status\r\n\r\nOutput values:  OK, FAIL\r\n\r\nSample Params Config (fill in over on the left): \r\n{\r\n\"dirname\":\"/var/www/html/pilotv2/tmp/files/newdir\"\r\n}','JSON','','','','',''),('VP DB2 Query','host,user,password,database,query,port,queryoutput,db2lib,ldlibrarypath,db2home','','#\r\n# Using a SQL query as input, this action needs to output a single row of data that will be stored in \"output\".\r\n#\r\n=begin REMOVE THIS WHEN YOU HAVE DB2 drivers installed and you have your Apache SetEnv LD_LIBRARY_PATH pointed at the db2 driver libs\r\nuse strict;\r\nuse warnings;\r\nuse Data::Dumper;\r\nuse JSON;\r\nuse DBI;\r\nuse DBD::DB2;\r\nuse Getopt::Long;\r\n\r\nmy %output;\r\nmy ($status,$user,$password,$database,$query,$host,$port,$queryoutput,$arrayname,$db2home,$db2lib,$ldlibrarypath);\r\n\r\nGetOptions(\r\n                \"user=s\" => \\$user,\r\n                \"password=s\" => \\$password,\r\n                \"database:s\" => \\$database,\r\n                \"host=s\" => \\$host,\r\n                \"query=s\" => \\$query,\r\n                \"port:s\" => \\$port,\r\n                \"queryoutput:s\" => \\$queryoutput,\r\n                \"arrayname=s\" => \\$arrayname,\r\n                \"db2home=s\" => \\$db2home,\r\n                \"db2lib=s\" => \\$db2lib,\r\n                \"ldlibrarypath=s\" => \\$ldlibrarypath,\r\n        );\r\n\r\n$ENV{\'DB2LIB\'} = $db2lib;\r\n$ENV{\'DB2_HOME\'} = $db2home;\r\n$ENV{\'LD_LIBRARY_PATH\'} = $ldlibrarypath;\r\n\r\n\r\nopen (FILEDATA,\"+> $queryoutput\") || die \"Cannot open file.\";\r\n\r\nmy $dsn = \"DATABASE=$database; HOSTNAME=$host; PORT=$port; PROTOCOL=TCPIP; UID=$user; PWD=$password;\";\r\n\r\nprint \"$dsn\\n\";\r\nmy $dbh = DBI->connect(\"dbi:DB2:$dsn\", $user, $password) || die \"Connection failed with error: $DBI::errstr\";\r\n\r\nmy $sth = $dbh->prepare($query);\r\n$sth->execute();\r\n\r\nmy @data;\r\nif ($sth->errstr()) {\r\n        $output{\'status\'} = $sth->errstr();\r\n} else {\r\n        $output{\'status\'} = \'OK\';\r\n        while(my $ref = $sth->fetchrow_hashref)\r\n        {\r\n        push (@data, $ref);\r\n        }\r\n}\r\n\r\n$output{\"$arrayname\"} = \\@data;\r\nmy $data = encode_json(\\@data);\r\nprint FILEDATA ($data);\r\n\r\nmy $json = encode_json(\\%output);\r\nprint $json;\r\nclose (FILEDATA);\r\n=end REMOVE THIS WHEN YOU HAVE DB2 drivers installed and DBD::DB2 installed properly.','perl','db2query.pl','Synopsis:  Performs query of DB2.  Note, you must have DB2 drivers that you are properly licensed\r\nfor in order to use this task.  DBD::DB2 is required however it is not pre-loaded with VirtuOps \r\nPilot.  To install DB2 drivers and to install DBD::DB2 module, go to \r\nhttp://www-01.ibm.com/support/docview.wss?rs=71&uid=swg21297335\r\n\r\nInput params: \r\nuser = string for the DB2 user credentials\r\npassword = string for the DB2 Password credentials\r\ndatabase = database you are connecting to (usually the Schema, like DB2INST1\r\ndb2lib = Full path to your DB2LIB dir\r\ndb2home = Full path to the drivers for db2\r\nldlibrarypath = The LD_LIBRARY_PATH ENV variable that includes\r\narrayname = Name of the returned array that will become part of the workflow variables (wfv)\r\nhost = db2 host \r\nport = db2 port \r\nquery = db2 query  \r\nqueryoutput = For select statements, store the output in a file.  \r\n\r\nOutput param:  status\r\n\r\nOutput values:  OK,<db2 error code>\r\n\r\nSample Params Config (fill in over on the left): \r\n{\r\n\"user\":\"user\",\r\n\"password\":\"pass\",\r\n\"database\":\"schema\",\r\n\"db2lib\":\"/path/to/db2/libs\",\r\n\"db2home\":\"/path/to/db2/drivers\",\r\n\"ldlibrarypath\":\"/path/to/libs/including/db2/libs\",\r\n\"host\":\"corpmysql.company.com\",\r\n\"arrayname\":\"db2output\",\r\n\"port\":\"50000\",\r\n\"query\":\"select * from sometable where somecolumn LIKE somevalue\",\r\n\"queryoutput\":\"/var/www/html/pilot/tmp/files/someoutput.txt\"\r\n}','JSON','','','','',''),('VP DNS Device','host','','#\r\n#\r\n# DNS FORM for NOC HERO\r\n\r\n\r\nuse strict;\r\nuse warnings;\r\nuse Net::DNS;\r\nuse Getopt::Long;\r\nuse JSON;\r\n\r\nmy $host=\'\';\r\nmy $res;\r\nmy %output;\r\n\r\nGetOptions(\"host=s\" => \\$host);\r\n$res = Net::DNS::Resolver->new();\r\nmy $reply = $res->search($host);\r\n\r\nif ($reply) {\r\n        foreach my $rr ($reply->answer) {\r\n\r\n        next unless $rr->type eq \"A\" || $rr->type eq \"PTR\";\r\n\r\n                if ($rr->type eq \"A\") {\r\n                my $ipaddr = $rr->address;\r\n                $output{\'host\'} = $host;\r\n                $output{\'status\'} = \"IP: $ipaddr\";\r\n                } elsif ($rr->type eq \"PTR\") {\r\n                my $name = $rr->ptrdname;\r\n                $output{\'host\'} = $host;\r\n                $output{\'status\'} = \"Name: $name\";\r\n\r\n                }\r\n\r\n        }\r\n} else {\r\n        $output{\'host\'} = $host;\r\n        $output{\'status\'} = \"QUERY FAILED!\";\r\n}\r\n\r\nmy $result = encode_json(\\%output);\r\nprint $result;\r\n','perl','dnsdevice.pl','Synopsis:  Perform DNS Query and get a result back.\r\n\r\nInput param:  host\r\nInput value expected:  FQDN or IP address\r\n\r\nOutput param:  status\r\nOutput values:  IP: <IP address>, Name:<FQDN>, QUERY FAILED!\r\n\r\nSample Params Config (fill in over on the left): \r\n{\r\n\"host\":\"10.23.16.193\"\r\n}','JSON','','','','#ID, TYPE, PARAM, REQUIRED, CAPTION, STYLE\r\nhost, text,  true, true, Host, style=\"width: 300px\"\r\nstatus,  text,  false, true, Status, style=\"width: 300px\"',''),('VP Email Task','smtpuser,smtppassword,smtpport,smtpserver,recipient,subject,body','','#\r\n# Sends secure email using SMTPS.  Must have Net::SMTPS loaded and accessible to the web server user\r\n# Form requires recipient,subject,body and message fields.  The message field will catch errors\r\n# \r\n#\r\n\r\nuse strict;\r\nuse warnings;\r\nuse JSON;\r\nuse Getopt::Long;\r\nuse Net::SMTPS;\r\n\r\nmy ($smtpserver, $smtpport, $smtpuser, $smtppassword, $recipient,$subject,$body);\r\n\r\nmy $debugerr;\r\nmy $debugout;\r\nmy %output;\r\n\r\nGetOptions(\r\n        \"smtpserver=s\" => \\$smtpserver,\r\n        \"smtpport=s\" => \\$smtpport,\r\n        \"smtpuser=s\" => \\$smtpuser,\r\n        \"smtppassword=s\" => \\$smtppassword,\r\n        \"recipient=s\" => \\$recipient,\r\n		\"subject=s\" => \\$subject,\r\n		\"body=s\" => \\$body\r\n		);\r\n\r\nif (! $recipient || ! $subject || ! $body)\r\n{\r\n  $output{\'status\'} = \"You need a recipient, subject and body\";\r\n  \r\n} \r\n\r\n#my $smtpserver = \'smtp.gmail.com\';\r\n#my $smtpport = 587;\r\n#my $smtpuser   = \'<<<<USER THAT CAN LOG INTO SMTP SERVER>>>>>\';\r\n#my $smtppassword = \'<<<<USER PASSWORD>>>>>\';\r\n\r\nmy $smtp = Net::SMTPS->new($smtpserver, Port=>$smtpport, doSSL => \'starttls\', Timeout => 10, Debug => 0);\r\n\r\ndie \"Could not connect to server!\\n\" unless $smtp;\r\n\r\n$smtp->auth($smtpuser, $smtppassword);\r\n$smtp->mail(\'support@virtuops.com\');\r\n$smtp->to($recipient);\r\n$smtp->data();\r\n$smtp->datasend(\"Subject: $subject\");\r\n$smtp->datasend(\"\\n\");\r\n$smtp->datasend(\"$body\");\r\n$smtp->datasend(\"\\n\");\r\n$smtp->dataend();\r\nmy @msgs = $smtp->message();\r\n$smtp->quit;\r\n\r\n\r\nforeach my $msg (@msgs) {\r\n        if ($msg =~ /OK/) {\r\n                $output{\'status\'} = \"Message Sent\";\r\n        } else {\r\n				$output{\'status\'} = \"FAILURE:  Message Not Sent\";\r\n		}\r\n}\r\n\r\nmy $json = encode_json(\\%output);\r\nprint $json;\r\n','perl','email.pl','Synopsis:  Send an Email using SMTPS.  All fields are mandatory or your email will fail.\r\n\r\nInput params:  smtpuser,smtppassword,smtpserver,smtpport,recipient,subject,body\r\nInput values expected:\r\n   smtpuser = user that can log into email and send email (the sender)\r\n   smtppassword = user password\r\n   smtpserver = the mail server (something like smtp.gmail.com)\r\n   smtpport = secure port used (587 works on gmail as of 2017)\r\n   recipient = email address of person receiving email\r\n   subject = email subjectline\r\n   body = body of email\r\n\r\nOutput param:  status\r\nOutput values:  Message Sent, FAILURE:  Message Not Sent\r\n\r\nSample Params Config (fill in over on the left): \r\n{\r\n\"smtpuser\":\"me@company.com\",\r\n\"smtppassword\":\"em@1lp@55w0rd\",\r\n\"smtpserver\":\"smtp.gmail.com\",\r\n\"smtpport\":\"587\",\r\n\"recipient\":\"you@othercompany.com\",\r\n\"subject\":\"Some Email Subject\",\r\n\"body\":\"Here is an explanation of what is going on, I can really tell you a lot here.....\"\r\n}','JSON','','','','#ID, TYPE, PARAM, REQUIRED, CAPTION, STYLE\r\nstatus,  text,  false, true, Status:, style=\"width: 300px\"',''),('VP Empty File','filename','','#\r\n#\r\n#  Empties a file.   USE WITH CAUTION.  TEST THIS IN DEVELOPMENT FIRST\r\n#\r\n#\r\n\r\nuse strict;\r\nuse warnings;\r\nuse JSON;\r\nuse Getopt::Long;\r\n\r\nmy $filename=\'\';\r\nmy %output;\r\n\r\nGetOptions(\r\n        \"filename=s\" => \\$filename,\r\n        );\r\n\r\nopen (FILEDATA,\"+> $filename\") || die \"{\\\"status\\\":\\\"Cannot open or write to \".$filename.\"\\\"}\\n\";\r\n\r\n$output{\'status\'} = \'emptied\';\r\n$output{\'filename\'} = $filename;\r\nmy $json = encode_json(\\%output);\r\nprint $json;\r\n\r\nclose (FILEDATA);\r\n','perl','emptyfile.pl','Synopsis:  Empties a file.  Good if you want to clear a file you were writing to.   \r\nUSE CAUTION.  THIS EMPTIES A FILE.  TEST THIS IN DEV FIRST.\r\n\r\nInput param:  \r\nfilename = File name to empty.  MAKE SURE that the file is writable by the web server user\r\n\r\nOutput param:  status\r\nOutput values:  emptied, <error, something like Cannot write to...>\r\n\r\nSample Params Config (fill in over on the left): \r\n{\r\n\"filename\":\"/var/www/html/pilot/tmp/files/cooloutput.txt\",\r\n}','JSON','','','','#ID, TYPE, PARAM, REQUIRED, CAPTION, STYLE\r\nfilename, text,  true, true, Filename, style=\"width: 300px\"\r\nstatus,  text,  false, true, Status, style=\"width: 300px\"',''),('VP Generic Task','taskpath,arguments,arrayname,cmdoutput','','#\r\n#\r\n# Runs a generic command from the command line\r\n\r\nuse strict;\r\nuse warnings;\r\nuse Data::Dumper;\r\nuse JSON;\r\nuse Getopt::Long;\r\n\r\n\r\nmy %output;\r\nmy ($status,$taskpath,$arrayname,$arguments,$cmdoutput);\r\n\r\nGetOptions(\r\n                \"taskpath=s\" => \\$taskpath,\r\n                \"arguments:s\" => \\$arguments,\r\n                \"arrayname:s\" => \\$arrayname,\r\n                \"cmdoutput:s\" => \\$cmdoutput\r\n        );\r\n        \r\nif (length($cmdoutput) > 0){\r\n    open (CMDOUTPUT,\"+> $cmdoutput\") || die \"Cannot open generic task\";\r\n}\r\n\r\nmy $cmd = $taskpath;\r\n\r\nmy @args = split(\',\',$arguments);\r\n\r\nforeach my $arg (@args) {\r\n    \r\n    $cmd .= \" \".$arg.\" \";\r\n}\r\n\r\nmy $cmdout = `$cmd`;\r\n\r\n$output{\"$arrayname\"} = $cmdout;\r\n\r\nif (length($cmdoutput) > 0){\r\n    print CMDOUTPUT $cmdout;\r\n    close(CMDOUTPUT);\r\n}\r\n\r\nmy $json = encode_json(\\%output);\r\nprint $json;\r\n','perl','generictask.pl','Synopsis:  Runs a script from the command line\r\n\r\nInput params: \r\ntaskpath = full path to the task you want to run\r\narguments = arguments you want to pass to your task (optional)\r\narrayname = name of the array you want to hold JSON output that gets added to the wfv (optional)\r\ncmdoutput = file name you want to send output to (optional)\r\n\r\nOutput param:  status\r\n\r\nOutput values:  OK, FAIL\r\n\r\nSample Params Config (fill in over on the left): \r\n{\r\n\"taskpath\":\"/var/www/html/pilotv2/tmp/files/taskname.sh\",\r\n\"arguments\":\"something,something else,anotherthing,one more thing\",\r\n\"arrayname\":\"someoptionaloutput\",\r\n\"cmdoutput\":\"/var/www/html/pilot/tmp/files/someout.txt\"\r\n}','JSON','','','','',''),('VP MySQL Query','host,user,password,database,query,port,queryoutput,arrayname','','#\r\n#\r\n# Using a SQL query as input, this action needs to output a single row of data that will be stored in \"output\".\r\n#\r\n\r\nuse strict;\r\nuse warnings;\r\nuse Data::Dumper;\r\nuse JSON;\r\nuse DBI;\r\nuse DBD::mysql;\r\nuse Getopt::Long;\r\n\r\nmy %output;\r\nmy ($status,$user,$password,$arrayname,$database,$query,$host,$port,$queryoutput);\r\n\r\nGetOptions(\r\n                \"user=s\" => \\$user,\r\n                \"password=s\" => \\$password,\r\n                \"database:s\" => \\$database,\r\n                \"host=s\" => \\$host,\r\n                \"arrayname:s\" => \\$arrayname,\r\n                \"query=s\" => \\$query,\r\n                \"port:s\" => \\$port,\r\n                \"queryoutput:s\" => \\$queryoutput\r\n        );\r\n\r\nopen (FILEDATA,\"+> $queryoutput\") || die \"Cannot open file.\";\r\n\r\nmy $dbh = DBI->connect(\"DBI:mysql:database=$database;host=$host;port=$port\",\"$user\",\"$password\");\r\n\r\nmy $sth = $dbh->prepare($query);\r\n$sth->execute();\r\n\r\nmy @data;\r\nmy $count=0;\r\nif ($sth->errstr()) {\r\n        $output{\'status\'} = $sth->errstr();\r\n} else {\r\n        $output{\'status\'} = \'OK\';\r\n        while(my $ref = $sth->fetchrow_hashref)\r\n        {\r\n        push (@data, $ref);\r\n        $count++;\r\n        }\r\n}\r\n\r\n$dbh->disconnect;\r\n\r\nmy $meta = $arrayname.\"_meta\";\r\n$output{\"$arrayname\"} = \\@data;\r\n$output{\"$meta\"}{\"count\"} = $count;\r\nmy $data = encode_json(\\@data);\r\nprint FILEDATA ($data);\r\n\r\nmy $json = encode_json(\\%output);\r\nprint $json;\r\nclose (FILEDATA);','perl','mysqlquery.pl','Synopsis:  Performs query of MySQL, MariaDB or Aurora DB (MySQL).\r\n\r\nInput params: \r\nuser = string for the MySQL user credentials\r\npassword = string for the MySQL Password credentials\r\ndatabase = database you are connecting to  \r\nhost = mysql host \r\nport = mysql port \r\nquery = mysql query  \r\nqueryoutput = For select statements, store the output for use later.  \r\n\r\nOutput param:  status\r\n\r\nOutput values:  OK,<mysql error code>\r\n\r\nSample Params Config (fill in over on the left): \r\n{\r\n\"user\":\"mysqluser\",\r\n\"password\":\"mysqlpass\",\r\n\"database\":\"somedb\",\r\n\"host\":\"corpmysql.company.com\",\r\n\"port\":\"3306\",\r\n\"query\":\"select * from sometable where somecolumn LIKE somevalue\",\r\n\"queryoutput\":\"/var/www/html/pilot/tmp/files/someoutput.txt\"\r\n},\r\n	','JSON','','','','#ID, TYPE, PARAM, REQUIRED, CAPTION, STYLE\r\nstatus,  text,  false, true, Status, style=\"width: 300px\"',''),('VP Ping Device','host','','#\r\n# Ping a single device, bring back alive\r\n# Uses TCP Ping by default\r\n#\r\n\r\nuse strict;\r\nuse warnings;\r\nuse Net::Ping;\r\nuse Getopt::Long;\r\nuse JSON;\r\n\r\nmy $host=\'\';\r\nmy %output;\r\nGetOptions(\"host=s\" => \\$host);\r\n\r\n\r\nmy $p = Net::Ping->new();\r\nif ($p->ping($host)) {\r\n$output{\'host\'} = $host;\r\n$output{\'status\'} = \'alive\';\r\n} else {\r\n$output{\'host\'} = $host;\r\n$output{\'status\'} = \'unreachable\';\r\n}\r\n$p->close();\r\n\r\nmy $result = encode_json(\\%output);\r\n\r\nprint $result;\r\n','perl','ping.pl','Synopsis:  Ping a device and get a result back.\r\n\r\nInput param:  host\r\nInput value expected:  hostname or IP address\r\n\r\nOutput param:  status\r\nOutput values:  alive, unreachable\r\n\r\nSample Params Config (fill in over on the left): \r\n{\r\n\"host\":\"10.23.16.193\"\r\n}','JSON','','','','#ID, TYPE, PARAM, REQUIRED, CAPTION, STYLE\r\nhost, text,  true, true, Host, style=\"width: 300px\"\r\nstatus,  text,  false, true, Status, style=\"width: 300px\"',''),('VP Read Data','data, espression','','#\r\n#\r\n#  Reads incoming data from the API calls, does a search on the data.  This requires that you use a workflow variable (wfv).  It will read variables.\r\n#\r\n#\r\n\r\nuse strict;\r\nuse warnings;\r\nuse JSON;\r\nuse Getopt::Long;\r\n\r\nmy $data=\'\';\r\nmy $expression=\'\';\r\nmy %output;\r\n\r\n$output{\'status\'} = \'\';\r\n\r\nGetOptions(\r\n        \"data=s\" => \\$data,\r\n        \"expression=s\" => \\$expression\r\n        );\r\n\r\nmy $exp = qr/$expression/;\r\n\r\nif ($data =~ /$exp/i) {\r\n\r\n$output{\'status\'} = $1;\r\n\r\n} else {\r\n\r\n$output{\'status\'} = \'Expression not found\';\r\n}\r\n\r\nmy $json = encode_json(\\%output);\r\nprint $json;\r\n','perl','readdata.pl','Synopsis: This will read an incoming data string, search for a matching expression and return the expression.\r\n\r\nInput param:  \r\ndata = Incoming data from a wfv to search for\r\nexpression = An expression to match on and return.\r\n\r\nOutput param:  status\r\nOutput values:  Either an empty string or the return value specified in the parentheses\r\n\r\nSample Params Config (fill in over on the left): \r\n{\r\n\"data\":\"message\",\r\n\"expression\":\"(High CPU)\"\r\n}','JSON','','','','#ID, TYPE, PARAM, REQUIRED, CAPTION, STYLE\r\nstatus,  text,  false, true, Status, style=\"width: 300px\"',''),('VP REST Query','user,password,curlpath,url,method,header1,header2,header3,data,cmdoutput','','#\r\n# Performs a REST API query to an endpoint.\r\n#\r\n\r\nuse strict;\r\nuse warnings;\r\nuse JSON;\r\nuse Getopt::Long;\r\nuse Data::Dumper;\r\n\r\nmy %output;\r\n\r\nmy ($method,$header1,$header2,$header3,$arrayname,$curlpath,$user,$url,$password,$data,$cmdoutput,$status);\r\n\r\n\r\nGetOptions(\r\n        \"method=s\" => \\$method,\r\n        \"curlpath=s\" => \\$curlpath,\r\n        \"user:s\" => \\$user,\r\n        \"url=s\" => \\$url,\r\n        \"password:s\" => \\$password,\r\n        \"data:s\" => \\$data,\r\n        \"header1:s\" => \\$header1,\r\n        \"header2:s\" => \\$header2,\r\n        \"header3:s\" => \\$header3,\r\n        \"arrayname:s\" => \\$arrayname,\r\n        \"cmdoutput:s\" => \\$cmdoutput\r\n        );\r\n\r\nopen (FILEDATA,\"+> $cmdoutput\");\r\n\r\n#my $createcmd = $curlpath.\" -s -X \".$method.\" -H \'Content-Type: application/json\' -d \'\".$data.\"\' -u \'\".$user.\":\".$password.\"\' https://\".$domain.\"/api/now/table/\".$table.\" 2>&1\";\r\n\r\nmy $createcmd = $curlpath.\" -s -X \".$method;\r\nmy $postdata;\r\n\r\nif (defined($header1)){\r\n$createcmd .= \" -H \".$header1.\" \";\r\n}\r\n\r\nif (defined($header2)){\r\n$createcmd .= \" -H \".$header2.\" \";\r\n}\r\n\r\nif (defined($header3)){\r\n$createcmd .= \" -H \".$header3.\" \";\r\n}\r\n\r\nif (defined($user) && defined($password) && length($user) > 0 && length($password) > 0) {\r\n$createcmd .= \" -u \'\".$user.\":\".$password.\"\'\";\r\n} elsif (defined($user) && length($user) > 0) {\r\n$createcmd .= \" -u \'\".$user.\"\'\";\r\n}\r\n\r\nif (defined($data)) {\r\n     my @dataitems = split(\',\',$data);\r\n     $postdata = \'{\';\r\n     my $count = 0;\r\n     foreach my $dataitem (@dataitems){\r\n        my @postitem = split(\'=\',$dataitem);\r\n        if ($count < $#dataitems){\r\n        $postdata .= \'\"\'.$postitem[0].\'\":\"\'.$postitem[1].\'\",\';\r\n        } else {\r\n        $postdata .= \'\"\'.$postitem[0].\'\":\"\'.$postitem[1].\'\"}\';    \r\n        }\r\n        $count++;\r\n     }\r\n     $createcmd .= \" -d \'\".$postdata.\"\' \";\r\n}\r\n\r\n$createcmd .= \" \'\".$url.\"\' \";\r\n\r\nmy $createrequest = `$createcmd`;\r\nmy $meta = $arrayname.\"_meta\";\r\n$output{\"$arrayname\"} = decode_json($createrequest);\r\n\r\n\r\n\r\nprint FILEDATA $createrequest;\r\n\r\nif (length($createrequest) > 0) {\r\n        $status = \"Created\";\r\n        $output{\"$meta\"}{\"count\"} = 1;\r\n} else {\r\n        $status = \"Problem Creating Entry\";\r\n}\r\n\r\n$output{\'status\'} = $status;\r\n\r\n\r\nmy $json = encode_json(\\%output);\r\nprint $json;\r\n\r\nclose(FILEDATA);\r\n','perl','restquery.pl','Synopsis:  Performs REST Query to an endpoint.  Great for performing tasks involving applications that have a REST API.\r\n\r\nInput Params: \r\n\r\nuser = string for the REST user credentials\r\npassword = string for the REST Password credentials\r\ncurlpath = path to curl on your server\r\nnheader<1-3> = headers to pass to the request, example Accept:application/json\r\nurl = string for the url for the REST service.\r\nmethod = POST, GET, PUT etc.\r\ndata = string that you pass to the REST request that is used as data for the request.\r\ncmdoutput = string that indicates where you will store the reply from the rest service.  \r\n     Needs to be a full path to a file on your pilot server that your web server user can write to.   \r\n	 Example /var/www/html/pilot/tmp/files/restresult.json\r\n\r\nOutput param:  \r\n	status\r\n \r\nOutput values:  \r\n\r\n	Created, Problem Creating Entry\r\n	\r\nSample Params Config (fill in over on the left): \r\n\r\n{\r\n\"user\":\"restuser\",\r\n\"password\":\"restpass\",\r\n\"method\":\"POST\",\r\n\"curlpath\":\"/bin/curl\",\r\n\"url\":\"https://mycompany.restinterface.com/some/rest/query/endpoint\",\r\n\"header1\":\"Accept:application/json\",\r\n\"cmdoutput\":\"/var/www/html/pilot/tmp/files/out.json\",\r\n\"data\":{\"field1\":\"value1\",\"field2\":\"value2\"}\r\n}\"	','JSON','','','','#ID, TYPE, PARAM, REQUIRED, CAPTION, STYLE, LIST\r\nstatus,text,false,false,Status:,style=\"width: 300px\"',''),('VP TDS Query','host,user,password,database,query,port,queryoutput,server','','#\r\n#\r\n# Query Tabular Data Stream data sources (MSSQL, Netcool Object Server, Sybase, etc).\r\n# Freetds must be installed for this to work.  Your freetds.conf file also needs to be\r\n# updated with server connection information.  Visit www.freetds.org for more detail.\r\n#\r\n#\r\n\r\n=begin REMOVE THIS WHEN YOU HAVE DBD::Sybase installed, then save it\r\nuse strict;\r\nuse warnings;\r\nuse Data::Dumper;\r\nuse JSON;\r\nuse DBI;\r\nuse DBD::Sybase;\r\nuse Getopt::Long;\r\n\r\nmy %output;\r\nmy ($status,$user,$password,$server,$database,$query,$queryoutput,$arrayname);\r\n\r\nGetOptions(\r\n                \"user=s\" => \\$user,\r\n                \"password=s\" => \\$password,\r\n                \"database:s\" => \\$database,\r\n                \"query=s\" => \\$query,\r\n                \"queryoutput:s\" => \\$queryoutput,\r\n                \"arrayname=s\" => \\$arrayname,\r\n                \"server=s\" => \\$server,\r\n        );\r\n\r\n\r\nopen (FILEDATA,\"+> $queryoutput\") || die \"Cannot open file.\";\r\n\r\nmy $dsn = \"dbi:Sybase:server=$server\";\r\n\r\n# Connect to the database\r\nmy $dbh = DBI->connect($dsn, $user, $password, { AutoCommit => 0 }) || die \"Failed to connect!\";\r\n\r\nmy $sth = $dbh->prepare($query);\r\n$sth->execute();\r\n\r\nmy @data;\r\nmy $count = 0;\r\nif ($sth->errstr()) {\r\n        $output{\'status\'} = $sth->errstr();\r\n} else {\r\n        $output{\'status\'} = \'OK\';\r\n        while(my $ref = $sth->fetchrow_hashref)\r\n        {\r\n        push (@data, $ref);\r\n        $count++;\r\n        }\r\n}\r\n\r\n$dbh->disconnect;\r\nmy $meta = $arrayname.\"_meta\";\r\n$output{\"$arrayname\"} = \\@data;\r\n$output{\"$meta\"}{\"count\"} = $count;\r\nmy $data = encode_json(\\@data);\r\n$data =~ s/\\\\u0000//g;\r\nprint FILEDATA ($data);\r\n\r\nmy $json = encode_json(\\%output);\r\n$json =~ s/\\\\u0000//g;\r\nprint $json;\r\nclose (FILEDATA);\r\n=end\r\n','perl','tdsquery.pl','Synopsis:  Performs query of Tabular Data Stream databases (MSSQL, Netcool Object Server, Sybase...). \r\nNote, you must have free TDS and DBD::Sybase installed.  You can get freetds from freetds.org or\r\nusually just yum install freetds.\r\nDBD::Sybase can then be installed AFTER freetds is installed. \r\nThe final step is to make sure that freetds.conf is updated with your \"server\".  This is a \r\nconnection string that holds the host, port, and TDS Version that you will need.\r\n\r\n\r\nInput params: \r\nuser = string for the DB2 user credentials\r\npassword = string for the DB2 Password credentials\r\ndatabase = database you are connecting to...may not necessary if you declare the database in the \r\n     query\r\narrayname = Name of the returned array that will become part of the workflow variables (wfv)\r\nserver = the server name you configured in freetds.conf\r\nquery = db query  \r\nqueryoutput = For select statements, store the output in a file.  \r\n\r\nOutput param:  status and array name\r\n\r\nOutput values:  OK,<db error code>\r\n\r\nSample Params Config (fill in over on the left): \r\n{\r\n\"user\":\"user\",\r\n\"password\":\"pass\",\r\n\"database\":\"somedb\",\r\n\"server\":\"MYSERVER\",\r\n\"arrayname\":\"queryoutput\",\r\n\"query\":\"select * from sometable where somecolumn LIKE somevalue\",\r\n\"queryoutput\":\"/var/www/html/pilot/tmp/files/someoutput.json\"\r\n}','JSON','','','','',''),('VP Write To File','filename, data','','#\r\n#\r\n#  Writes data to a file for later use, one line at a time.\r\n#\r\n#\r\n\r\nuse strict;\r\nuse warnings;\r\nuse JSON;\r\nuse Getopt::Long;\r\n\r\nmy $filename=\'\';\r\nmy $data=\'\';\r\nmy %output;\r\n\r\nGetOptions(\r\n        \"filename=s\" => \\$filename,\r\n        \"data=s\" => \\$data\r\n        );\r\n\r\nopen (FILEDATA,\"+>> $filename\") || die \"{\\\"status\\\":\\\"Cannot open or write to \".$filename.\"\\\"}\\n\";\r\n\r\nprint FILEDATA \"$data\\n\";\r\n\r\n$output{\'status\'} = \'saved\';\r\nmy $json = encode_json(\\%output);\r\nprint $json;\r\nclose (FILEDATA);','perl','writetofile.pl','\"Synopsis:  Utility that writes data to a file\r\n\r\n\r\nInput param:  \r\nfilename = File name to write to.  MAKE SURE that the file is writable by the web server user, we recommend you write to /var/www/html/pilot/tmp/filesdata = The data you are writing into the file.  The utility adds a new line char already\r\n\r\nOutput param:  status\r\n\r\nOutput values:  saved, <error, something like Cannot write to...>\r\n\r\nSample Params Config (fill in over on the left): \r\n{\r\n\"filename\":\"/var/www/html/pilot/tmp/files/cooloutput.txt\",\r\n\"data\":\"Some data or a wfv usually\"\r\n}\r\n	','JSON','','','','#ID, TYPE, PARAM, REQUIRED, CAPTION, STYLE\r\nfilename, text,  true, true, Filename, style=\"width: 300px\"\r\nstatus,  text,  false, true, Status, style=\"width: 300px\"','');
/*!40000 ALTER TABLE `tasks` ENABLE KEYS */;
UNLOCK TABLES;

--
-- Table structure for table `user_groups`
--

DROP TABLE IF EXISTS `user_groups`;
/*!40101 SET @saved_cs_client     = @@character_set_client */;
/*!40101 SET character_set_client = utf8 */;
CREATE TABLE `user_groups` (
  `groupid` varchar(48) NOT NULL,
  `username` varchar(48) NOT NULL
) ENGINE=InnoDB DEFAULT CHARSET=latin1;
/*!40101 SET character_set_client = @saved_cs_client */;

--
-- Dumping data for table `user_groups`
--

LOCK TABLES `user_groups` WRITE;
/*!40000 ALTER TABLE `user_groups` DISABLE KEYS */;
INSERT INTO `user_groups` VALUES ('admingroup','admin');
/*!40000 ALTER TABLE `user_groups` ENABLE KEYS */;
UNLOCK TABLES;

--
-- Table structure for table `users`
--

DROP TABLE IF EXISTS `users`;
/*!40101 SET @saved_cs_client     = @@character_set_client */;
/*!40101 SET character_set_client = utf8 */;
CREATE TABLE `users` (
  `username` varchar(48) NOT NULL,
  `firstname` varchar(24) NOT NULL,
  `lastname` varchar(24) NOT NULL,
  `authmethod` varchar(24) NOT NULL,
  `password` varchar(255) DEFAULT NULL,
  `email` varchar(96) DEFAULT NULL,
  `sessionid` varchar(128) DEFAULT NULL,
  `locked` tinyint(1) DEFAULT NULL,
  `LoginCount` int(11) NOT NULL DEFAULT '0',
  `LastFailedLogin` datetime NOT NULL DEFAULT '2000-01-01 00:00:00',
  PRIMARY KEY (`username`)
) ENGINE=InnoDB DEFAULT CHARSET=latin1;
/*!40101 SET character_set_client = @saved_cs_client */;

--
-- Dumping data for table `users`
--

LOCK TABLES `users` WRITE;
/*!40000 ALTER TABLE `users` DISABLE KEYS */;
INSERT INTO `users` VALUES ('admin','Administrator','User','Local','$2y$10$kkxz8dBRUbJZtFIyBz2Ecey6Hebka5gAu9jO0ppCDtyjt7d34NCKW','user@company.com','bn6v57chtgi5c25dk4rlret9t6',NULL,1,'2018-04-06 03:31:03');
/*!40000 ALTER TABLE `users` ENABLE KEYS */;
UNLOCK TABLES;

--
-- Table structure for table `wf_tasks`
--

DROP TABLE IF EXISTS `wf_tasks`;
/*!40101 SET @saved_cs_client     = @@character_set_client */;
/*!40101 SET character_set_client = utf8 */;
CREATE TABLE `wf_tasks` (
  `taskserial` varchar(48) NOT NULL,
  `wfserial` varchar(255) NOT NULL,
  PRIMARY KEY (`taskserial`),
  CONSTRAINT `fk_task_workflow` FOREIGN KEY (`taskserial`) REFERENCES `task_logs` (`taskserial`) ON DELETE CASCADE
) ENGINE=InnoDB DEFAULT CHARSET=latin1;
/*!40101 SET character_set_client = @saved_cs_client */;

--
-- Dumping data for table `wf_tasks`
--

LOCK TABLES `wf_tasks` WRITE;
/*!40000 ALTER TABLE `wf_tasks` DISABLE KEYS */;
INSERT INTO `wf_tasks` VALUES ('03AM3ErfpIHAhj0','kHEVlAnHnuiTqnZ'),('071qhH5y8GzARmM','zYH8jdk7FMLNVU0'),('0eOK0HpNcZi6Abo','ETr3Qdtt8JdYFrM'),('0HJuCI4Rzmbzu5X','LXDTh3TFjpfgQ0H'),('0jdAERgzWrxLwan','PyPbPn5S2WUivoj'),('0ok3uKoPVP3GaRh','WlFTpIAaZBGYJgK'),('0RX2EZHhRDaEJg1','iEUdRsYo66kEPq1'),('1EtjoVuOgcjWIB0','zYH8jdk7FMLNVU0'),('1MvNGO0txJ1CZ8N','zYH8jdk7FMLNVU0'),('1ogox6JrmDQngIX','roMQjJ6B45SFwkd'),('1qfB9UJGA4lYhMb','ETr3Qdtt8JdYFrM'),('22v8Hms4vk6KiKi','rfOvywoI2OxXuDN'),('2Ji2gPJCzJXQPbU','bDBixYYOAj1aiY1'),('3bqwrZHqOeh01x1','Yvnpypicp33J5U9'),('3guYCqnCmQgL4pp','LXDTh3TFjpfgQ0H'),('3GXN1ZKhzM7KQAp','kraos5uDONMdCk4'),('3m91MdcKioWvAqm','XzI4GVjXfaB1Y2e'),('3QsV9yW0mXQAP8i','oXfrV9EflkamVZc'),('3U4bO2WBFxibnrc','QCJkTOvuYXEIreq'),('3uVwly2HbvbsROd','ETr3Qdtt8JdYFrM'),('4cej3PKp0OEIs4Y','VJipwAEXkv4FMZo'),('4igaWm8SNfAGLbV','XzI4GVjXfaB1Y2e'),('4iPvgxqXIH1n7Lg','dvhOIlT7x3dZg1k'),('4Xlk1jRzKRNLGIN','kraos5uDONMdCk4'),('6sOKel5776T1q8C','LXDTh3TFjpfgQ0H'),('6Sr5FAr338RBnuJ','PyPbPn5S2WUivoj'),('74Ml2JtgfFtmNCy','LXDTh3TFjpfgQ0H'),('7I1iNPW58RAaaGS','PyPbPn5S2WUivoj'),('7J26d2vJUIkYZ5P','LXDTh3TFjpfgQ0H'),('7v6bNHA2dw2JYkU','evNDIteKk3CFeui'),('7VWDEMGeSLtXZ7x','PyPbPn5S2WUivoj'),('7WHSfvv1ITZQmYE','iTZhElplptdG1au'),('7xDjchrkkN1pj5D','XzI4GVjXfaB1Y2e'),('805MV5ShWnxkGan','NVMaYdCObCqZUBi'),('861RdYCUqK0VSvj','roMQjJ6B45SFwkd'),('8cRBjrnXIQYxqXl','rfOvywoI2OxXuDN'),('8qr4RzQE4xH2gw0','NVMaYdCObCqZUBi'),('8UWd6Ra3Ouu5sxn','zYH8jdk7FMLNVU0'),('8yZhIiEMnDe0Cqh','ETr3Qdtt8JdYFrM'),('9j6X8S31esUeu88','QCJkTOvuYXEIreq'),('9JE66QjGKOeLSvE','zYH8jdk7FMLNVU0'),('AkJIToT3hW9BGhr','NVMaYdCObCqZUBi'),('AlXJeHk0FTCXh9O','VJipwAEXkv4FMZo'),('aN8SxQH7hVJndWX','PyPbPn5S2WUivoj'),('ApB1tSVEQtFqeq6','LXDTh3TFjpfgQ0H'),('AVpqvE0pvQBjrgJ','bDBixYYOAj1aiY1'),('awi6lm8IXDXQZPW','uEfvEFCGmQ6ON7Z'),('AyfxTRPuGwaIn5g','LXDTh3TFjpfgQ0H'),('bhfzPsfqRfyuUqW','DpTb90tLMaC6CEM'),('bs0a2Gh1Yql5tKB','LXDTh3TFjpfgQ0H'),('BxlfFszDZFEPFOO','NVMaYdCObCqZUBi'),('C6onkFYyrs4EbIG','kraos5uDONMdCk4'),('cnDHuJMDw3Khqzb','MXz4ANCRl079b7R'),('cpj0Nu7EkqCEzJu','kraos5uDONMdCk4'),('cppd1oDAXrQgkAU','WlFTpIAaZBGYJgK'),('CRaqioRKkWVWhW6','roMQjJ6B45SFwkd'),('cwUb5seT84iVeXp','pyRdfolmfOjrvsn'),('D52PZ50TKojm3Nh','ETr3Qdtt8JdYFrM'),('DKoYljGG2FBbagy','bDBixYYOAj1aiY1'),('dLYEAlt3CYMMztk','MXz4ANCRl079b7R'),('dvBqRWBQAId9vSJ','zYH8jdk7FMLNVU0'),('dyAC9G9duIVmL3B','MXz4ANCRl079b7R'),('DyoK6wLnJ4oYAEQ','LXDTh3TFjpfgQ0H'),('E3gSUk3WLKdw1JK','m6BLLk1xtUX4Lkk'),('E9ETvyrJ300Ygy4','2VxcLMDtvmC7Oz8'),('EjszDCmjxXThLYO','zYH8jdk7FMLNVU0'),('EKuvcqE9VHFlcCm','kraos5uDONMdCk4'),('eOHeZ7Q5kHWwFgD','XzI4GVjXfaB1Y2e'),('eOZ160UdRFn4YFt','MXz4ANCRl079b7R'),('eubiA8KQH9SItgD','XYnxG2ef5PA5ndj'),('euDX0kPPQ1KABLx','LXDTh3TFjpfgQ0H'),('Ew1WEBPIXPyeGGz','oXfrV9EflkamVZc'),('EwGWzpHGFSmqGuw','rfOvywoI2OxXuDN'),('eXJQHIHBqWsBOFZ','LXDTh3TFjpfgQ0H'),('f1nkdSLJCpQ4GAA','ETr3Qdtt8JdYFrM'),('F3gnpLNAaevTec8','ETr3Qdtt8JdYFrM'),('F8SM8LqvDzKoKar','kraos5uDONMdCk4'),('FGV9gcWSWzgZhLd','KSnDE0O4dd3mkZn'),('FIZtGvFSQp369Hw','PyPbPn5S2WUivoj'),('fO9mOdXWy9isAQS','evNDIteKk3CFeui'),('FT3kTIQh1GEWBdn','XzI4GVjXfaB1Y2e'),('G9Jv2aDPHGBZkVy','6fxWuDg8o2iBIMZ'),('gA3YaD5QQ2ag3FZ','PyPbPn5S2WUivoj'),('GrYvNDiKMPwQgax','Yvnpypicp33J5U9'),('GtBRDC2n9UbeBaz','iEUdRsYo66kEPq1'),('h4vGNAPCRsDiJVW','Z7HrBVO9F3dMtgs'),('H5N7yUJhcWvFcIP','iEUdRsYo66kEPq1'),('h7n7JCHamybnBoa','LXDTh3TFjpfgQ0H'),('HezrzOx1eWHFwAq','kraos5uDONMdCk4'),('hHS9yX9JfEv8HXV','PyPbPn5S2WUivoj'),('hKj3WdMa9A3gsuM','MYQlYNLmCCQKz6Z'),('hoipYy1QYS0TgpQ','pYkAW4SgnK4ecG3'),('hP6lSjKG7dnI21C','rfOvywoI2OxXuDN'),('HR0AN0I9gWOm5Z1','ETr3Qdtt8JdYFrM'),('hvK6MdJt6dV3BEV','NVMaYdCObCqZUBi'),('iCWRX1BWzUcPbe1','IJGS1BeiKTVe7id'),('iiAJKVlYllNHIIn','D9EGmOlJmcQpF9J'),('IJTEb0KH9sSqmGn','MXz4ANCRl079b7R'),('iszYC1kxPPzGTEY','LXDTh3TFjpfgQ0H'),('itTzJ9XxRiYo3uL','KSnDE0O4dd3mkZn'),('iw9MepaZK3raVxa','pyRdfolmfOjrvsn'),('j2EPag4TZEOuDj3','DpTb90tLMaC6CEM'),('j90UoatUWK9yrLf','MXz4ANCRl079b7R'),('jb5fEgiz8vob8MX','KvuZtPEpgmp7GyL'),('JCfipmsG86wEUUg','Xw8ysrp2RRWqCvS'),('jgfJAzESadSjoT4','u80e2kL31VMakTf'),('jJw0gxGh6kgr3qb','zYH8jdk7FMLNVU0'),('JnruWkxvwAkfkOX','M2r4dSHU7qPBzAJ'),('JqxerAx1RfcUyd6','Useh9Eq6Fl1Yrn9'),('jyEekobvNlTGXtO','NVMaYdCObCqZUBi'),('jzEBi6ShFpIiLq3','rfOvywoI2OxXuDN'),('K83aI6QSThhu1RH','u80e2kL31VMakTf'),('kbIs9W3m5DBhJeB','iTZhElplptdG1au'),('kBRmr4pTLLfF1Ke','zYH8jdk7FMLNVU0'),('KG3wUe577LnDLw3','LXDTh3TFjpfgQ0H'),('Kg5AlNbEgBsz6By','Yvnpypicp33J5U9'),('Kj8wwu6EDruRBq8','3Lu9oZOPKNlVjXQ'),('KjvZ6VlOUPQpNu3','NVMaYdCObCqZUBi'),('kkd7KO2QaS5AHhr','IJGS1BeiKTVe7id'),('KW1ntOctxLuDduK','NVMaYdCObCqZUBi'),('L1cAnHIfV63FAG7','MXz4ANCRl079b7R'),('L1HDfX20dFgm3TR','ah0WLjUV2fXVtUd'),('lFceRkRQy7v0cfZ','PyPbPn5S2WUivoj'),('LJ8W7SHtXzamLnZ','WlFTpIAaZBGYJgK'),('LNaIe9OpNt0ge4Z','rfOvywoI2OxXuDN'),('LnV8BtMCTEc2cT6','u80e2kL31VMakTf'),('lQ4PmoeIHDfQEVD','rfOvywoI2OxXuDN'),('LxbPjVZGBPiQla2','NVMaYdCObCqZUBi'),('LYAh9xSvx3RYHod','kraos5uDONMdCk4'),('lze6TvB6paCZUDD','NVMaYdCObCqZUBi'),('MCmgUkzK1T6aenF','iTZhElplptdG1au'),('mEGo5y8cRmmRLjo','ITnOFqEFmE979aL'),('MK546tQXDnrwaFa','ETr3Qdtt8JdYFrM'),('moiV84f7sNJOZKt','NVMaYdCObCqZUBi'),('My8krkzMp2bpTJa','rfOvywoI2OxXuDN'),('n67AqS6TgoCFQV7','NVMaYdCObCqZUBi'),('nfKumfO9ufRfn4T','dvhOIlT7x3dZg1k'),('nNaiwBpEyvUxF4i','zYH8jdk7FMLNVU0'),('NNYlgRNpQJ1nV71','zYH8jdk7FMLNVU0'),('nOa5ZKTyHGqveXm','ah0WLjUV2fXVtUd'),('nU8jeAYtC4Vfhuk','pYkAW4SgnK4ecG3'),('nXr1Hp6rW8vMHgE','PyPbPn5S2WUivoj'),('nxZc4aCLT92mkjy','ETr3Qdtt8JdYFrM'),('nz4jKfyfuEL8zEm','kraos5uDONMdCk4'),('o49Wgj6os7JTLBd','PyPbPn5S2WUivoj'),('o803TD09zlSFQWD','LXDTh3TFjpfgQ0H'),('oDiYW4dmniTHPPG','LXDTh3TFjpfgQ0H'),('oE9XHhgc4YOMbyk','IJGS1BeiKTVe7id'),('oHwpPUW3fGRV8TR','KvuZtPEpgmp7GyL'),('omee1SVVodbaeHe','PyPbPn5S2WUivoj'),('OmQiQjcy5bzC9hS','kraos5uDONMdCk4'),('oMYiGXzHAjQ26qT','ah0WLjUV2fXVtUd'),('oSX8WN7LzPRGmUJ','zYH8jdk7FMLNVU0'),('ovi5hdOuzDvRQkk','oXfrV9EflkamVZc'),('Pd1E7PNHxMno7su','kHEVlAnHnuiTqnZ'),('pheHjlEqboBUC8g','rfOvywoI2OxXuDN'),('pHv8krShzUTCGwz','KvuZtPEpgmp7GyL'),('PQXxACZgXyTMtvm','oXfrV9EflkamVZc'),('pt7kWlpMPLhpBXh','jmUnqTVy9FldPz1'),('pZKDhCV5NsgoSx8','ITnOFqEFmE979aL'),('Q1MmB9E6NpfWwFJ','rfOvywoI2OxXuDN'),('Q5whHk9e4htZj23','rfOvywoI2OxXuDN'),('Q70OgOK1ragpFaq','WlFTpIAaZBGYJgK'),('q8VXZ2DfSt8KDZa','bDBixYYOAj1aiY1'),('QBSAOUTSxMuGI0j','kHEVlAnHnuiTqnZ'),('qGdaV5JIH3LknWq','kraos5uDONMdCk4'),('QhC1ve5RfnHbp5E','KSnDE0O4dd3mkZn'),('QLRljLwJvzNq0pa','pyRdfolmfOjrvsn'),('Qp1EBfGUTdIOzYb','M2r4dSHU7qPBzAJ'),('QUhZ0akDRBYrpEe','2VxcLMDtvmC7Oz8'),('r0PnzhnP7uhCvzd','iTZhElplptdG1au'),('R4fdYpMUIiNKniK','PyPbPn5S2WUivoj'),('R79iykQGRce037H','6fxWuDg8o2iBIMZ'),('r9jj1RKLm5NX4WO','pyRdfolmfOjrvsn'),('rjzSfTM5E0egwAk','MYQlYNLmCCQKz6Z'),('RnDKTBL8jItoQJ2','3Lu9oZOPKNlVjXQ'),('Rq8mL4jIGMMR9G4','zYH8jdk7FMLNVU0'),('RRFxgEhBWCpQWLi','WlFTpIAaZBGYJgK'),('rSI32wQjzWsPFzA','ETr3Qdtt8JdYFrM'),('RxwntEKGs7qzYUD','kraos5uDONMdCk4'),('s2ONnAFvTeB53G6','ETr3Qdtt8JdYFrM'),('S3L8UsxWnBTxXx5','XzI4GVjXfaB1Y2e'),('SLLdFvmM8yd74Yc','rfOvywoI2OxXuDN'),('smrgZMYJQjqABMN','LXDTh3TFjpfgQ0H'),('SP7UY2mOfEDPAas','zYH8jdk7FMLNVU0'),('sp8su55ZaSMgcUm','MXz4ANCRl079b7R'),('SqmgveTwfvuttxF','LXDTh3TFjpfgQ0H'),('sRSkbCG7H0jU3X6','zYH8jdk7FMLNVU0'),('sSXXsNqai9Idz1l','roMQjJ6B45SFwkd'),('SUC5bQoRNll6FKw','DnJNBKyXEJQB3VH'),('Sw2WghUfzkUChPk','dsIBPx8Kow9sdcZ'),('SyELXL9BjYNXJlF','ITnOFqEFmE979aL'),('SysZ4KyF0ZqGE5K','QCJkTOvuYXEIreq'),('tE4CWJxc5NkjJHj','zYH8jdk7FMLNVU0'),('Th5wsjmKkLsUzpb','LXDTh3TFjpfgQ0H'),('Tk0P2RJHB4DurqH','zYH8jdk7FMLNVU0'),('TNvqbt1Q8JXldgh','zYH8jdk7FMLNVU0'),('TObKYiKH10t7dJG','NVMaYdCObCqZUBi'),('ToGpqv6C7eXJmf5','DnJNBKyXEJQB3VH'),('TsK3zRv4SNVzBbN','u80e2kL31VMakTf'),('TvQEexIZe4q3iBd','iEUdRsYo66kEPq1'),('tW7YhYFDr7CaUaa','ETr3Qdtt8JdYFrM'),('TZxAz5rDaO4RCvZ','KSnDE0O4dd3mkZn'),('u0mOLnGOs066Use','pyRdfolmfOjrvsn'),('U1MGonmufrbvw2W','dsIBPx8Kow9sdcZ'),('U3KdYfZRlaYjTIh','NVMaYdCObCqZUBi'),('UAUHBAL0vfn1aM7','zYH8jdk7FMLNVU0'),('ujZlpe7r7l9XBy4','NVMaYdCObCqZUBi'),('UYpI4RSQnsqO4ed','OCriml5xvYjmhtR'),('vD4D2LHx8OpfBft','kraos5uDONMdCk4'),('VUb3bXsadhauJnT','rfOvywoI2OxXuDN'),('vwfnXS2mI96MXLF','zYH8jdk7FMLNVU0'),('vXrJ9UQ0czTj7rw','Z7HrBVO9F3dMtgs'),('vZIoqRvrLyb2fjb','XzI4GVjXfaB1Y2e'),('W5RW97TFjKeQydb','DpTb90tLMaC6CEM'),('w7d1dLnzbAihuo7','LXDTh3TFjpfgQ0H'),('WoX9Zi03HLtHMOm','DnJNBKyXEJQB3VH'),('Wrqa4jlHRwGQ8Uk','LXDTh3TFjpfgQ0H'),('wVgeQLycXUhOeCJ','zYH8jdk7FMLNVU0'),('wy4bah7pGoazSrV','DnJNBKyXEJQB3VH'),('WYU1SDivQaKflxI','zYH8jdk7FMLNVU0'),('wZcFbEG1UEPLG2s','Useh9Eq6Fl1Yrn9'),('x0FumY0QKrbgNsY','6fxWuDg8o2iBIMZ'),('X3AD9E9Kv35SxqZ','ITnOFqEFmE979aL'),('x7iuD8KYJZxG5cn','Useh9Eq6Fl1Yrn9'),('Xbn8XatvAWStnAg','6fxWuDg8o2iBIMZ'),('XFGstkJKEQpX00O','ETr3Qdtt8JdYFrM'),('XLzpnDPaRjqL5JB','KvuZtPEpgmp7GyL'),('xMSkIonGjKxUvwE','Xw8ysrp2RRWqCvS'),('xoNTVGVXH2SXKXl','VJipwAEXkv4FMZo'),('xPbZ8iY5UcQp8p3','uEfvEFCGmQ6ON7Z'),('xqOtxewbbyhpC1f','LXDTh3TFjpfgQ0H'),('xToM8bgcNqlRW3w','Z7HrBVO9F3dMtgs'),('XU2Q04Yi46pcv8R','u80e2kL31VMakTf'),('Xx1ibutgE5rvQYo','DnJNBKyXEJQB3VH'),('xx3Bfs1oJrb73uh','6fxWuDg8o2iBIMZ'),('xYnDogdKajkJOd4','ah0WLjUV2fXVtUd'),('XZan92c5UR8TzQd','PyPbPn5S2WUivoj'),('xZfwnVA9jdJRDaz','kHEVlAnHnuiTqnZ'),('y2WodR0krSrLXja','OCriml5xvYjmhtR'),('ycqih1oQzVFNpJx','PyPbPn5S2WUivoj'),('YEcgiEwXlKibzMf','MYQlYNLmCCQKz6Z'),('yf54QiGOWkMR8oC','XzI4GVjXfaB1Y2e'),('Yhp8IuokYq5bobh','XzI4GVjXfaB1Y2e'),('YKQVhyhsBdUA2DF','uLYbJzJZc12slUU'),('YNDUEVydXJKi9f0','Yvnpypicp33J5U9'),('YNfc9dkWzI7J8Wu','ETr3Qdtt8JdYFrM'),('YP2AOF1xBBb7O8C','LXDTh3TFjpfgQ0H'),('yT4RLqagzB4O6KV','zYH8jdk7FMLNVU0'),('YtbXn7VVLfkkpTO','kraos5uDONMdCk4'),('yYEWiRmUiIvVxjS','DpTb90tLMaC6CEM'),('yZ2AMBwBPc253wG','bDBixYYOAj1aiY1'),('ZfxHrmjkHIBfkO1','kraos5uDONMdCk4'),('zJ8DOle3sqcN1ZO','WeLSDN3LMsL98LO'),('Zka2ZubWbOy4NyM','IJGS1BeiKTVe7id'),('zmrgnCunHnHTXoC','2VxcLMDtvmC7Oz8'),('Zn9jtXThSMVq1tm','Useh9Eq6Fl1Yrn9'),('zV2oLB2hIMQDubn','pYkAW4SgnK4ecG3'),('ZXml5tCMV9fnIS2','zQFHrNa0U3kgsq1'),('ZzhAzB5WuV6mOrs','MXz4ANCRl079b7R');
/*!40000 ALTER TABLE `wf_tasks` ENABLE KEYS */;
UNLOCK TABLES;

--
-- Table structure for table `workflowhist`
--

DROP TABLE IF EXISTS `workflowhist`;
/*!40101 SET @saved_cs_client     = @@character_set_client */;
/*!40101 SET character_set_client = utf8 */;
CREATE TABLE `workflowhist` (
  `wfserial` varchar(255) NOT NULL,
  `workflowname` varchar(128) NOT NULL,
  `wfstart` datetime DEFAULT NULL,
  `wfend` datetime DEFAULT NULL,
  `wfmetadata` mediumtext,
  `wftime` float(12,6) DEFAULT NULL,
  `username` varchar(128) DEFAULT NULL,
  PRIMARY KEY (`wfserial`)
) ENGINE=InnoDB DEFAULT CHARSET=latin1;
/*!40101 SET character_set_client = @saved_cs_client */;

--
-- Dumping data for table `workflowhist`
--

LOCK TABLES `workflowhist` WRITE;
/*!40000 ALTER TABLE `workflowhist` DISABLE KEYS */;
INSERT INTO `workflowhist` VALUES ('0EQbvCfKNYDaL1z','Read Data','2018-04-21 23:54:36',NULL,'\"\"',NULL,'admin'),('1C9V3ff1xN416yM','Read Data','2018-04-22 01:07:08',NULL,'\"\"',NULL,'admin'),('2VxcLMDtvmC7Oz8','Read Data','2018-04-23 18:40:38',NULL,'\"\"',NULL,'admin'),('3Lu9oZOPKNlVjXQ','CustExample','2018-04-29 15:32:16','2018-04-29 15:32:16','\"\"',0.670803,'admin'),('3QuvD2nu9pKWLcG','Read Data','2018-04-22 00:49:54',NULL,'\"\"',NULL,'admin'),('4UVjPvoZwWpQc5Q','Read Data','2018-04-22 00:19:29',NULL,'\"\"',NULL,'admin'),('4yt5KlhUEevJJwF','First Flow','2018-04-24 23:55:31',NULL,'\"\"',NULL,'admin'),('51UDtb0aUcVHhhp','First Flow','2018-04-27 23:14:01',NULL,'\"\"',NULL,'admin'),('5fNCurIJzAiqVZ6','First Flow','2018-04-28 13:46:43',NULL,'\"\"',NULL,'admin'),('5tZs7rGY3CbnW7w','Read Data','2018-04-22 01:20:17',NULL,'\"\"',NULL,'admin'),('5xPv3l059pNcUUg','First Flow','2018-04-24 21:04:48',NULL,'\"\"',NULL,'admin'),('6BTMYSIYNfVU8oG','First Flow','2018-04-28 14:04:51',NULL,'\"\"',NULL,'admin'),('6fxWuDg8o2iBIMZ','CustExample','2018-04-29 15:52:04','2018-04-29 15:52:06','\"\"',1.299351,'admin'),('6Y0uTuKQPHZLFvw','Read Data','2018-04-21 23:40:48',NULL,'\"\"',NULL,'admin'),('740yzDqdram8zMV','First Flow','2018-04-27 23:16:15',NULL,'\"\"',NULL,'admin'),('7IzJP0mz9yhNzfM','Read Data','2018-04-21 23:57:13',NULL,'\"\"',NULL,'admin'),('9GfRGh0jZ0v8CRe','First Flow','2018-04-24 21:13:13',NULL,'\"\"',NULL,'admin'),('9waNl6ZDzeaGbuN','Read Data','2018-04-22 01:10:47',NULL,'\"\"',NULL,'admin'),('aa0YtlNBqSANsuM','Read Data','2018-04-21 23:49:47',NULL,'\"\"',NULL,'admin'),('ah0WLjUV2fXVtUd','First Flow','2018-04-28 16:08:45','2018-04-28 16:08:47','\"\"',1.419881,'admin'),('AQtWW9X6B82W61L','First Flow','2018-04-27 15:18:46',NULL,'\"\"',NULL,'admin'),('AZukQeQwPOvXucV','First Flow','2018-04-28 13:51:54',NULL,'\"\"',NULL,'admin'),('b2EXR7THKOUCjNq','Read Data','2018-04-21 23:57:58',NULL,'\"\"',NULL,'admin'),('bDBixYYOAj1aiY1','CustExample','2018-04-29 19:06:55','2018-04-29 19:06:56','\"\"',1.464879,'admin'),('boskK3DsLnOUxOu','Read Data','2018-04-21 23:48:22',NULL,'\"\"',NULL,'admin'),('BPImYrFLVLtupl3','First Flow','2018-04-27 14:46:07',NULL,'\"\"',NULL,'admin'),('c5rRlQeWngAJ60q','First Flow','2018-04-27 13:09:29',NULL,'\"\"',NULL,'admin'),('CfA5CMrBn3dsXBm','Read Data','2018-04-22 01:12:35',NULL,'\"\"',NULL,'admin'),('Cft3QLtzyZ00q8Z','Read Data','2018-04-22 00:43:24',NULL,'\"\"',NULL,'admin'),('czXotuKaTTJSf8V','First Flow','2018-04-27 16:16:14',NULL,'\"\"',NULL,'admin'),('d6VoMlvmw0YjOzN','Read Data','2018-04-22 00:06:12',NULL,'\"\"',NULL,'admin'),('D9EGmOlJmcQpF9J','First Flow','2018-04-28 14:31:02',NULL,'\"\"',NULL,'admin'),('dFBGUV3jFmMqGIB','Read Data','2018-04-22 00:34:58',NULL,'\"\"',NULL,'admin'),('DnJNBKyXEJQB3VH','CustExample','2018-04-29 19:07:09','2018-04-29 19:07:11','\"\"',1.519061,'admin'),('DpTb90tLMaC6CEM','CustExample','2018-04-29 21:19:41','2018-04-29 21:19:42','\"\"',1.118601,'admin'),('dsIBPx8Kow9sdcZ','First Flow','2018-04-28 01:04:34',NULL,'\"\"',NULL,'admin'),('dvhOIlT7x3dZg1k','CustExample','2018-04-29 15:46:45','2018-04-29 15:46:46','\"\"',0.633006,'admin'),('eOfRvWtGcAEFS7E','First Flow','2018-04-27 23:37:34',NULL,'\"\"',NULL,'admin'),('ETr3Qdtt8JdYFrM','First Flow','2018-04-28 16:17:15','2018-04-28 16:17:19','\"\"',3.940659,'admin'),('evNDIteKk3CFeui','First Flow','2018-04-28 15:18:58','2018-04-28 15:18:58','\"\"',0.694831,'admin'),('EXYedsS9GvBiyIJ','Read Data','2018-04-22 01:21:32',NULL,'\"\"',NULL,'admin'),('ftpLHIU39UyENSQ','First Flow','2018-04-27 23:22:43',NULL,'\"\"',NULL,'admin'),('g4tkyd1fK7RsDEs','Read Data','2018-04-22 00:18:44',NULL,'\"\"',NULL,'admin'),('g7B5SfrX4TmJpg1','First Flow','2018-04-27 14:45:09',NULL,'\"\"',NULL,'admin'),('gkQ4DD3uRrqFvhG','Read Data','2018-04-21 23:46:31',NULL,'\"\"',NULL,'admin'),('hH7N66RX3VSwf70','First Flow','2018-04-24 21:12:42',NULL,'\"\"',NULL,'admin'),('hoFOCSQcfbCGtsO','Read Data','2018-04-22 00:49:06',NULL,'\"\"',NULL,'admin'),('I1W0bv2Kjzgs0Ba','First Flow','2018-04-27 14:52:30',NULL,'\"\"',NULL,'admin'),('i3xIzJi4KpPE2hE','First Flow','2018-04-27 14:44:04',NULL,'\"\"',NULL,'admin'),('iEUdRsYo66kEPq1','CustExample','2018-04-29 19:27:45','2018-04-29 19:27:47','\"\"',1.243241,'admin'),('IibDG22hMv9bMbE','Read Data','2018-04-22 00:03:47',NULL,'\"\"',NULL,'admin'),('IIYHGg22YsOm948','Read Data','2018-04-21 23:50:16',NULL,'\"\"',NULL,'admin'),('IJGS1BeiKTVe7id','Read Data','2018-04-23 19:07:57',NULL,'\"\"',NULL,'admin'),('im9hrZKVGLiaDWe','First Flow','2018-04-27 23:52:07',NULL,'\"\"',NULL,'admin'),('IoS9Bjd19LjMgfh','First Flow','2018-04-24 21:12:06',NULL,'\"\"',NULL,'admin'),('ITnOFqEFmE979aL','Read Data','2018-04-23 18:59:06',NULL,'\"\"',NULL,'admin'),('iTZhElplptdG1au','First Flow','2018-04-28 16:13:24','2018-04-28 16:13:25','\"\"',1.279571,'admin'),('JIDSBUbnN3QK1c4','Read Data','2018-04-21 23:45:08',NULL,'\"\"',NULL,'admin'),('jIj4Ir8vYSfwUYJ','First Flow','2018-04-27 14:42:52',NULL,'\"\"',NULL,'admin'),('JKvqSDKY4vhah7c','First Flow','2018-04-27 14:46:55',NULL,'\"\"',NULL,'admin'),('jmUnqTVy9FldPz1','CustExample','2018-04-28 23:43:35','2018-04-28 23:43:35','\"\"',0.379334,'admin'),('jnrIIq5QJhOjPB9','First Flow','2018-04-27 14:35:01',NULL,'\"\"',NULL,'admin'),('JsQe2WRP4RqXNCa','Read Data','2018-04-21 23:51:12',NULL,'\"\"',NULL,'admin'),('kHEVlAnHnuiTqnZ','CustExample','2018-04-29 21:19:57','2018-04-29 21:19:58','\"\"',1.117920,'admin'),('KjlRpHJif2wI1rG','Read Data','2018-04-21 23:59:38',NULL,'\"\"',NULL,'admin'),('KqbQWkhJ4LNbPxS','Read Data','2018-04-22 00:25:24',NULL,'\"\"',NULL,'admin'),('kraos5uDONMdCk4','First Flow','2018-04-28 15:41:12','2018-04-28 15:41:16','\"\"',3.860028,'admin'),('KSnDE0O4dd3mkZn','CustExample','2018-04-29 21:14:51','2018-04-29 21:14:52','\"\"',1.124546,'admin'),('KvuZtPEpgmp7GyL','Read Data','2018-04-23 21:41:47',NULL,'\"\"',NULL,'admin'),('L4KMUcnIcTE3Z9U','First Flow','2018-04-24 21:13:43',NULL,'\"\"',NULL,'admin'),('l8ioiwU37KDRODP','Read Data','2018-04-22 01:11:32',NULL,'\"\"',NULL,'admin'),('loAZ6LPzsQDe5mI','First Flow','2018-04-27 15:13:19',NULL,'\"\"',NULL,'admin'),('LXDTh3TFjpfgQ0H','First Flow','2018-04-28 14:47:34','2018-04-28 14:47:40','\"\"',5.985050,'admin'),('M2r4dSHU7qPBzAJ','First Flow','2018-04-28 15:32:25','2018-04-28 15:32:26','\"\"',0.800530,'admin'),('m6BLLk1xtUX4Lkk','CustExample','2018-04-29 15:19:52',NULL,'\"\"',NULL,'admin'),('MggrX0VRL0YhL3W','First Flow','2018-04-27 14:49:49',NULL,'\"\"',NULL,'admin'),('MPtG2wirZpTxB8Q','First Flow','2018-04-24 21:14:21',NULL,'\"\"',NULL,'admin'),('MXz4ANCRl079b7R','First Flow','2018-04-28 15:04:24','2018-04-28 15:04:26','\"\"',2.402136,'admin'),('MYQlYNLmCCQKz6Z','Read Data','2018-04-23 22:11:17','2018-04-23 22:11:18','\"\"',0.949976,'admin'),('mZqz8Da7E43KpEd','First Flow','2018-04-24 21:11:45',NULL,'\"\"',NULL,'admin'),('NhBkIjuCu7e9uxU','Read Data','2018-04-22 00:37:26',NULL,'\"\"',NULL,'admin'),('NVMaYdCObCqZUBi','First Flow','2018-04-28 15:40:00','2018-04-28 15:40:04','\"\"',4.004138,'admin'),('OCriml5xvYjmhtR','CustExample','2018-04-29 15:31:03','2018-04-29 15:31:04','\"\"',0.634084,'admin'),('oXfrV9EflkamVZc','CustExample','2018-04-29 19:57:03','2018-04-29 19:57:04','\"\"',1.175664,'admin'),('p2VIfKdiSjgJJAa','Read Data','2018-04-21 23:40:45',NULL,'\"\"',NULL,'admin'),('PUlc45GPCo7CFNN','First Flow','2018-04-28 14:03:43',NULL,'\"\"',NULL,'admin'),('pYkAW4SgnK4ecG3','Read Data','2018-04-23 22:40:54','2018-04-23 22:40:55','\"\"',0.994760,'admin'),('PyPbPn5S2WUivoj','First Flow','2018-04-28 15:41:43','2018-04-28 15:41:46','\"\"',3.826880,'admin'),('pyRdfolmfOjrvsn','CustExample','2018-04-29 16:05:21','2018-04-29 16:05:22','\"\"',1.420800,'admin'),('pZaCxVGnIygAlNv','First Flow','2018-04-28 00:49:42',NULL,'\"\"',NULL,'admin'),('q5J5ITsQz2mCxon','Read Data','2018-04-21 23:45:09',NULL,'\"\"',NULL,'admin'),('QCJkTOvuYXEIreq','Read Data','2018-04-23 18:07:59',NULL,'\"\"',NULL,'admin'),('Qmo5aFJBsQdFQAp','Read Data','2018-04-22 00:18:09',NULL,'\"\"',NULL,'admin'),('qneggGiTvMzj8Zq','Read Data','2018-04-22 00:50:44',NULL,'\"\"',NULL,'admin'),('QTqgdOuCdwBWpn7','First Flow','2018-04-27 15:20:33',NULL,'\"\"',NULL,'admin'),('rfOvywoI2OxXuDN','First Flow','2018-04-28 14:52:10','2018-04-28 14:52:13','\"\"',3.312074,'admin'),('RmMP3RIupdQpyDG','First Flow','2018-04-28 00:38:18',NULL,'\"\"',NULL,'admin'),('roMQjJ6B45SFwkd','CustExample','2018-04-29 19:59:20','2018-04-29 19:59:22','\"\"',1.057361,'admin'),('RsaAIHLhF8iuYtE','First Flow','2018-04-28 00:40:15',NULL,'\"\"',NULL,'admin'),('RvmZn2IWzmXuQYp','First Flow','2018-04-24 23:57:49',NULL,'\"\"',NULL,'admin'),('rW3dgYurUFM8T7F','NewWF','2018-04-28 23:28:06','2018-04-28 23:28:06','\"\"',0.388404,'admin'),('RYkm1kus3XVhZIt','First Flow','2018-04-27 17:27:31',NULL,'\"\"',NULL,'admin'),('tloBTW90jMjnh73','NewWF','2018-04-28 23:38:13','2018-04-28 23:38:13','\"\"',0.411647,'admin'),('tmRgIbVidqH4mly','Read Data','2018-04-21 23:42:34',NULL,'\"\"',NULL,'admin'),('TVBekjH8gV1Vdak','First Flow','2018-04-27 13:02:41',NULL,'\"\"',NULL,'admin'),('u80e2kL31VMakTf','CustExample','2018-04-29 19:14:05','2018-04-29 19:14:06','\"\"',1.325933,'admin'),('UDuFGPQUoTuzKkh','Read Data','2018-04-22 00:30:15',NULL,'\"\"',NULL,'admin'),('uEfvEFCGmQ6ON7Z','CustExample','2018-04-29 15:45:14','2018-04-29 15:45:15','\"\"',0.755442,'admin'),('uKRjh9XsvxVbUWU','First Flow','2018-04-28 16:05:50',NULL,'\"\"',NULL,'admin'),('uLYbJzJZc12slUU','CustExample','2018-04-29 15:26:11',NULL,'\"\"',NULL,'admin'),('Useh9Eq6Fl1Yrn9','CustExample','2018-04-29 21:11:32','2018-04-29 21:11:33','\"\"',1.132095,'admin'),('VJipwAEXkv4FMZo','Read Data','2018-04-23 18:30:09',NULL,'\"\"',NULL,'admin'),('VxaHj1rANmNXgE4','First Flow','2018-04-27 23:54:01',NULL,'\"\"',NULL,'admin'),('WeLSDN3LMsL98LO','First Flow','2018-04-28 14:32:19',NULL,'\"\"',NULL,'admin'),('wFfwBkVLVOoV1Bj','First Flow','2018-04-27 13:34:45',NULL,'\"\"',NULL,'admin'),('wI1yDJUvhPEKYuq','First Flow','2018-04-27 14:46:54',NULL,'\"\"',NULL,'admin'),('wjGx4hbIbsSSKM9','Read Data','2018-04-22 00:05:03',NULL,'\"\"',NULL,'admin'),('wjnVEV48uHQWVG5','First Flow','2018-04-27 17:26:53',NULL,'\"\"',NULL,'admin'),('WlFTpIAaZBGYJgK','CustExample','2018-04-29 15:59:55','2018-04-29 15:59:57','\"\"',1.388562,'admin'),('xkFNvFgvcb8atZg','Read Data','2018-04-22 00:00:52',NULL,'\"\"',NULL,'admin'),('XsE1SGRzR8Pkk2Y','First Flow','2018-04-28 00:21:43',NULL,'\"\"',NULL,'admin'),('Xw8ysrp2RRWqCvS','CustExample','2018-04-29 15:27:05','2018-04-29 15:27:05','\"\"',0.609802,'admin'),('XYnxG2ef5PA5ndj','First Flow','2018-04-28 14:08:04',NULL,'\"\"',NULL,'admin'),('XzI4GVjXfaB1Y2e','First Flow','2018-04-28 14:54:16','2018-04-28 14:54:18','\"\"',2.359748,'admin'),('ybclX4eyfEtGJZ9','First Flow','2018-03-05 16:17:27','2018-03-05 16:17:27','\"\"',0.218041,'admin'),('yMTAahfyoUHeWs2','First Flow','2018-04-27 12:54:24',NULL,'\"\"',NULL,'admin'),('Yvnpypicp33J5U9','CustExample','2018-04-29 21:07:32','2018-04-29 21:07:34','\"\"',1.385131,'admin'),('Z7HrBVO9F3dMtgs','Read Data','2018-04-23 18:27:15',NULL,'\"\"',NULL,'admin'),('ZhWTyhCoWbeNIcm','Read Data','2018-04-22 01:17:32',NULL,'\"\"',NULL,'admin'),('zmJ8SvyREE9gZt9','Read Data','2018-04-21 23:41:48',NULL,'\"\"',NULL,'admin'),('zQFHrNa0U3kgsq1','First Flow','2018-03-05 16:18:26','2018-03-05 16:18:26','\"\"',0.435015,'admin'),('zYH8jdk7FMLNVU0','First Flow','2018-04-28 14:51:22','2018-04-28 14:51:28','\"\"',5.844932,'admin');
/*!40000 ALTER TABLE `workflowhist` ENABLE KEYS */;
UNLOCK TABLES;

--
-- Table structure for table `workflows`
--

DROP TABLE IF EXISTS `workflows`;
/*!40101 SET @saved_cs_client     = @@character_set_client */;
/*!40101 SET character_set_client = utf8 */;
CREATE TABLE `workflows` (
  `workflowname` varchar(128) NOT NULL,
  `workflowdata` mediumtext NOT NULL,
  `workflowschedule` varchar(1024) DEFAULT NULL,
  `workflowstatus` varchar(64) DEFAULT NULL,
  `workflowstate` varchar(16) DEFAULT NULL,
  PRIMARY KEY (`workflowname`)
) ENGINE=InnoDB DEFAULT CHARSET=latin1;
/*!40101 SET character_set_client = @saved_cs_client */;

--
-- Dumping data for table `workflows`
--

LOCK TABLES `workflows` WRITE;
/*!40000 ALTER TABLE `workflows` DISABLE KEYS */;
INSERT INTO `workflows` VALUES ('AutoTicketing','{\"operators\":{\"start\":{\"top\":20,\"left\":80,\"properties\":{\"objecttype\":\"startnode\",\"class\":\"flowchart-start-operator\",\"runbookid\":\"\",\"runbookname\":\"\",\"title\":\"Start\",\"inputs\":{},\"outputs\":{\"output_1\":{\"label\":\"Begin\"}}}},\"end\":{\"top\":160,\"left\":1020,\"properties\":{\"objecttype\":\"endnode\",\"class\":\"flowchart-end-operator\",\"runbookid\":\"\",\"runbookname\":\"\",\"title\":\"Stop\",\"inputs\":{\"input_1\":{\"label\":\"End\"}},\"outputs\":{}}},\"task1\":{\"top\":100,\"left\":60,\"properties\":{\"objecttype\":\"task\",\"class\":\"flowchart-task-operator\",\"runbookid\":\"\",\"runbookname\":\"\",\"title\":\"Get Maintenance\",\"inputs\":{\"input_1\":{\"label\":\"In\"}},\"outputs\":{\"output_1\":{\"label\":\"Out\"}},\"task\":{\"taskname\":\"VP MySQL Query\",\"parameters\":\"{\\n\\\"user\\\":\\\"mysqluser\\\",\\n\\\"password\\\":\\\"mysqlpass\\\",\\n\\\"database\\\":\\\"somedb\\\",\\n\\\"host\\\":\\\"corpmysql.company.com\\\",\\n\\\"port\\\":\\\"3306\\\",\\n\\\"query\\\":\\\"select * from sometable where somecolumn LIKE somevalue\\\",\\n\\\"queryoutput\\\":\\\"/var/www/html/pilot/tmp/files/someoutput.txt\\\"\\n}\",\"runbookname\":\"WF Tasks\",\"runbookid\":\"WFTasks\"}}},\"task2\":{\"top\":600,\"left\":420,\"properties\":{\"objecttype\":\"task\",\"class\":\"flowchart-task-operator\",\"runbookid\":\"\",\"runbookname\":\"\",\"title\":\"Check Open Tickets\",\"inputs\":{\"input_1\":{\"label\":\"In\"}},\"outputs\":{\"output_1\":{\"label\":\"Out\"}},\"task\":{\"taskname\":\"VP REST Query\",\"parameters\":\"{\\n\\\"user\\\":\\\"restuser\\\",\\n\\\"password\\\":\\\"restpass\\\",\\n\\\"method\\\":\\\"POST\\\",\\n\\\"curlpath\\\":\\\"/bin/curl\\\",\\n\\\"url\\\":\\\"https://mycompany.restinterface.com/some/rest/query/endpoint\\\",\\n\\\"header1\\\":\\\"Accept:application/json\\\",\\n\\\"cmdoutput\\\":\\\"/var/www/html/pilot/tmp/files/out.json\\\",\\n\\\"data\\\":{\\\"field1\\\":\\\"value1\\\",\\\"field2\\\":\\\"value2\\\"}\\n}\\\"\",\"runbookname\":\"WF Tasks\",\"runbookid\":\"WFTasks\"}}},\"task3\":{\"top\":360,\"left\":620,\"properties\":{\"objecttype\":\"task\",\"class\":\"flowchart-task-operator\",\"runbookid\":\"\",\"runbookname\":\"\",\"title\":\"Open New Ticket\",\"inputs\":{\"input_1\":{\"label\":\"In\"}},\"outputs\":{\"output_1\":{\"label\":\"Out\"}},\"task\":{\"taskname\":\"VP REST Query\",\"parameters\":\"{\\n\\\"user\\\":\\\"restuser\\\",\\n\\\"password\\\":\\\"restpass\\\",\\n\\\"method\\\":\\\"POST\\\",\\n\\\"curlpath\\\":\\\"/bin/curl\\\",\\n\\\"url\\\":\\\"https://mycompany.restinterface.com/some/rest/query/endpoint\\\",\\n\\\"header1\\\":\\\"Accept:application/json\\\",\\n\\\"cmdoutput\\\":\\\"/var/www/html/pilot/tmp/files/out.json\\\",\\n\\\"data\\\":{\\\"field1\\\":\\\"value1\\\",\\\"field2\\\":\\\"value2\\\"}\\n}\\\"\\t\",\"runbookname\":\"WF Tasks\",\"runbookid\":\"WFTasks\"}}},\"task4\":{\"top\":520,\"left\":820,\"properties\":{\"objecttype\":\"task\",\"class\":\"flowchart-task-operator\",\"runbookid\":\"\",\"runbookname\":\"\",\"title\":\"Update Ticket\",\"inputs\":{\"input_1\":{\"label\":\"In\"}},\"outputs\":{\"output_1\":{\"label\":\"Out\"}},\"task\":{\"taskname\":\"VP REST Query\",\"parameters\":\"{\\n\\\"user\\\":\\\"restuser\\\",\\n\\\"password\\\":\\\"restpass\\\",\\n\\\"method\\\":\\\"POST\\\",\\n\\\"curlpath\\\":\\\"/bin/curl\\\",\\n\\\"url\\\":\\\"https://mycompany.restinterface.com/some/rest/query/endpoint\\\",\\n\\\"header1\\\":\\\"Accept:application/json\\\",\\n\\\"cmdoutput\\\":\\\"/var/www/html/pilot/tmp/files/out.json\\\",\\n\\\"data\\\":{\\\"field1\\\":\\\"value1\\\",\\\"field2\\\":\\\"value2\\\"}\\n}\\\"\",\"runbookname\":\"WF Tasks\",\"runbookid\":\"WFTasks\"}}},\"task5\":{\"top\":440,\"left\":100,\"properties\":{\"objecttype\":\"task\",\"class\":\"flowchart-task-operator\",\"runbookid\":\"\",\"runbookname\":\"\",\"title\":\"Ping Device\",\"inputs\":{\"input_1\":{\"label\":\"In\"}},\"outputs\":{\"output_1\":{\"label\":\"Out\"}},\"task\":{\"taskname\":\"VP Ping Device\",\"parameters\":\"{\\n\\\"host\\\":\\\"10.23.16.193\\\"\\n}\",\"runbookname\":\"WF Tasks\",\"runbookid\":\"WFTasks\"}}},\"task6\":{\"top\":280,\"left\":760,\"properties\":{\"objecttype\":\"task\",\"class\":\"flowchart-task-operator\",\"runbookid\":\"\",\"runbookname\":\"\",\"title\":\"Send Slack Message\",\"inputs\":{\"input_1\":{\"label\":\"In\"}},\"outputs\":{\"output_1\":{\"label\":\"Out\"}},\"task\":{\"taskname\":\"VP REST Query\",\"parameters\":\"{\\n\\\"user\\\":\\\"restuser\\\",\\n\\\"password\\\":\\\"restpass\\\",\\n\\\"method\\\":\\\"POST\\\",\\n\\\"curlpath\\\":\\\"/bin/curl\\\",\\n\\\"url\\\":\\\"https://mycompany.restinterface.com/some/rest/query/endpoint\\\",\\n\\\"header1\\\":\\\"Accept:application/json\\\",\\n\\\"cmdoutput\\\":\\\"/var/www/html/pilot/tmp/files/out.json\\\",\\n\\\"data\\\":{\\\"field1\\\":\\\"value1\\\",\\\"field2\\\":\\\"value2\\\"}\\n}\\\"\\t\",\"runbookname\":\"WF Tasks\",\"runbookid\":\"WFTasks\"}}},\"task7\":{\"top\":780,\"left\":120,\"properties\":{\"objecttype\":\"task\",\"class\":\"flowchart-task-operator\",\"runbookid\":\"\",\"runbookname\":\"\",\"title\":\"SNMP UpTime\",\"inputs\":{\"input_1\":{\"label\":\"In\"}},\"outputs\":{\"output_1\":{\"label\":\"Out\"}},\"task\":{\"taskname\":\"VP Ping Device\",\"parameters\":\"{\\n\\\"host\\\":\\\"10.23.16.193\\\"\\n}\",\"runbookname\":\"WF Tasks\",\"runbookid\":\"WFTasks\"}}},\"task9\":{\"top\":620,\"left\":80,\"properties\":{\"objecttype\":\"task\",\"class\":\"flowchart-task-operator\",\"runbookid\":\"\",\"runbookname\":\"\",\"title\":\"Sleep 5 seconds\",\"inputs\":{\"input_1\":{\"label\":\"In\"}},\"outputs\":{\"output_1\":{\"label\":\"Out\"}},\"task\":{\"taskname\":\"VP Read Data\",\"parameters\":\"{\\n\\\"data\\\":\\\"message\\\",\\n\\\"expression\\\":\\\"(High CPU)\\\"\\n}\",\"runbookname\":\"WF Tasks\",\"runbookid\":\"WFTasks\"}}},\"route:foreach1\":{\"top\":180,\"left\":60,\"properties\":{\"objecttype\":\"route:foreach\",\"class\":\"flowchart-route-operator\",\"title\":\"ForEach\",\"inputs\":{\"input_1\":{\"label\":\"In\",\"conntype\":\"input\"}},\"outputs\":{\"output_1\":{\"label\":\"Out 1\",\"conntype\":\"output\",\"targetobject\":\"targetobject\"}}}},\"route:if-else1\":{\"top\":260,\"left\":60,\"properties\":{\"objecttype\":\"route:if-else\",\"class\":\"flowchart-route-operator\",\"title\":\"If Else\",\"inputs\":{\"input_1\":{\"label\":\"In\",\"conntype\":\"input\"}},\"outputs\":{\"output_1\":{\"label\":\"Out 1\",\"conntype\":\"output\",\"parameter\":\"paramname\",\"comparison\":\"LIKE\",\"value\":\"somevalue\"},\"output_2\":{\"label\":\"Out 2\",\"conntype\":\"output\",\"parameter\":\"paramname\",\"comparison\":\"LIKE\",\"value\":\"somevalue\"}}}},\"route:while1\":{\"top\":360,\"left\":60,\"properties\":{\"objecttype\":\"route:while\",\"class\":\"flowchart-route-operator\",\"title\":\"While x < 3\",\"inputs\":{\"input_1\":{\"conntype\":\"input\",\"label\":\"In\"}},\"outputs\":{\"output_1\":{\"conntype\":\"output\",\"label\":\"Out\",\"parameter\":\"counter\",\"comparison\":{\"id\":\"<\",\"text\":\"<\"},\"value\":\"3\",\"increment\":\"1\"}},\"loopid\":\"route:while1\"}},\"route:continue1\":{\"top\":700,\"left\":80,\"properties\":{\"objecttype\":\"route:continue\",\"class\":\"flowchart-route-operator-continue\",\"title\":\"Continue\",\"inputs\":{\"input_1\":{\"label\":\"In\",\"conntype\":\"input\"}},\"outputs\":{\"output_1\":{\"label\":\"Out\",\"conntype\":\"output\"}}}},\"route:break1\":{\"top\":500,\"left\":260,\"properties\":{\"objecttype\":\"route:break\",\"class\":\"flowchart-route-operator-break\",\"title\":\"Break\",\"inputs\":{\"input_1\":{\"label\":\"In\",\"conntype\":\"input\"}},\"outputs\":{\"output_1\":{\"label\":\"Out\",\"conntype\":\"output\"}}}},\"route:if-else2\":{\"top\":520,\"left\":80,\"properties\":{\"objecttype\":\"route:if-else\",\"class\":\"flowchart-route-operator\",\"title\":\"If Else\",\"inputs\":{\"input_1\":{\"label\":\"In\",\"conntype\":\"input\"}},\"outputs\":{\"output_1\":{\"label\":\"Out 1\",\"conntype\":\"output\",\"parameter\":\"paramname\",\"comparison\":\"LIKE\",\"value\":\"somevalue\"},\"output_2\":{\"label\":\"Out 2\",\"conntype\":\"output\",\"parameter\":\"paramname\",\"comparison\":\"LIKE\",\"value\":\"somevalue\"}}}},\"route:if-else3\":{\"top\":760,\"left\":440,\"properties\":{\"objecttype\":\"route:if-else\",\"class\":\"flowchart-route-operator\",\"title\":\"If Else\",\"inputs\":{\"input_1\":{\"label\":\"In\",\"conntype\":\"input\"}},\"outputs\":{\"output_1\":{\"label\":\"Out 1\",\"conntype\":\"output\",\"parameter\":\"paramname\",\"comparison\":\"LIKE\",\"value\":\"somevalue\"},\"output_2\":{\"label\":\"Out 2\",\"conntype\":\"output\",\"parameter\":\"paramname\",\"comparison\":\"LIKE\",\"value\":\"somevalue\"}}}},\"task8\":{\"top\":940,\"left\":360,\"properties\":{\"objecttype\":\"task\",\"class\":\"flowchart-task-operator\",\"runbookid\":\"\",\"runbookname\":\"\",\"title\":\"Check Log\",\"inputs\":{\"input_1\":{\"label\":\"In\"}},\"outputs\":{\"output_1\":{\"label\":\"Out\"}},\"task\":{\"taskname\":\"VP Read Data\",\"parameters\":\"{\\n\\\"data\\\":\\\"message\\\",\\n\\\"expression\\\":\\\"(High CPU)\\\"\\n}\",\"runbookname\":\"WF Tasks\",\"runbookid\":\"WFTasks\"}}},\"route:if-else4\":{\"top\":860,\"left\":180,\"properties\":{\"objecttype\":\"route:if-else\",\"class\":\"flowchart-route-operator\",\"title\":\"If Else\",\"inputs\":{\"input_1\":{\"label\":\"In\",\"conntype\":\"input\"}},\"outputs\":{\"output_1\":{\"label\":\"Out 1\",\"conntype\":\"output\",\"parameter\":\"paramname\",\"comparison\":\"LIKE\",\"value\":\"somevalue\"},\"output_2\":{\"label\":\"Out 2\",\"conntype\":\"output\",\"parameter\":\"paramname\",\"comparison\":\"LIKE\",\"value\":\"somevalue\"}}}},\"route:if-else5\":{\"top\":480,\"left\":540,\"properties\":{\"objecttype\":\"route:if-else\",\"class\":\"flowchart-route-operator\",\"title\":\"If Else\",\"inputs\":{\"input_1\":{\"label\":\"In\",\"conntype\":\"input\"}},\"outputs\":{\"output_1\":{\"label\":\"Out 1\",\"conntype\":\"output\",\"parameter\":\"paramname\",\"comparison\":\"LIKE\",\"value\":\"somevalue\"},\"output_2\":{\"label\":\"Out 2\",\"conntype\":\"output\",\"parameter\":\"paramname\",\"comparison\":\"LIKE\",\"value\":\"somevalue\"}}}}},\"links\":{\"0\":{\"fromOperator\":\"start\",\"fromConnector\":\"output_1\",\"fromSubConnector\":0,\"toOperator\":\"task1\",\"toConnector\":\"input_1\",\"toSubConnector\":0},\"1\":{\"fromOperator\":\"task1\",\"fromConnector\":\"output_1\",\"fromSubConnector\":0,\"toOperator\":\"route:foreach1\",\"toConnector\":\"input_1\",\"toSubConnector\":0},\"2\":{\"fromOperator\":\"route:foreach1\",\"fromConnector\":\"output_1\",\"fromSubConnector\":0,\"toOperator\":\"route:if-else1\",\"toConnector\":\"input_1\",\"toSubConnector\":0},\"3\":{\"fromOperator\":\"route:if-else1\",\"fromConnector\":\"output_1\",\"fromSubConnector\":0,\"toOperator\":\"end\",\"toConnector\":\"input_1\",\"toSubConnector\":0},\"4\":{\"fromOperator\":\"route:if-else1\",\"fromConnector\":\"output_2\",\"fromSubConnector\":0,\"toOperator\":\"route:while1\",\"toConnector\":\"input_1\",\"toSubConnector\":0},\"5\":{\"fromOperator\":\"route:while1\",\"fromConnector\":\"output_1\",\"fromSubConnector\":0,\"toOperator\":\"task5\",\"toConnector\":\"input_1\",\"toSubConnector\":0},\"6\":{\"fromOperator\":\"task5\",\"fromConnector\":\"output_1\",\"fromSubConnector\":0,\"toOperator\":\"route:if-else2\",\"toConnector\":\"input_1\",\"toSubConnector\":0},\"7\":{\"fromOperator\":\"route:if-else2\",\"fromConnector\":\"output_2\",\"fromSubConnector\":0,\"toOperator\":\"task9\",\"toConnector\":\"input_1\",\"toSubConnector\":0},\"8\":{\"fromOperator\":\"task9\",\"fromConnector\":\"output_1\",\"fromSubConnector\":0,\"toOperator\":\"route:continue1\",\"toConnector\":\"input_1\",\"toSubConnector\":0},\"9\":{\"fromOperator\":\"route:continue1\",\"fromConnector\":\"output_1\",\"fromSubConnector\":0,\"toOperator\":\"task7\",\"toConnector\":\"input_1\",\"toSubConnector\":0},\"11\":{\"fromOperator\":\"task7\",\"fromConnector\":\"output_1\",\"fromSubConnector\":0,\"toOperator\":\"route:if-else4\",\"toConnector\":\"input_1\",\"toSubConnector\":0},\"12\":{\"fromOperator\":\"route:if-else4\",\"fromConnector\":\"output_1\",\"fromSubConnector\":0,\"toOperator\":\"task2\",\"toConnector\":\"input_1\",\"toSubConnector\":0},\"13\":{\"fromOperator\":\"route:if-else4\",\"fromConnector\":\"output_2\",\"fromSubConnector\":0,\"toOperator\":\"task8\",\"toConnector\":\"input_1\",\"toSubConnector\":0},\"14\":{\"fromOperator\":\"task8\",\"fromConnector\":\"output_1\",\"fromSubConnector\":0,\"toOperator\":\"route:if-else3\",\"toConnector\":\"input_1\",\"toSubConnector\":0},\"15\":{\"fromOperator\":\"route:if-else3\",\"fromConnector\":\"output_1\",\"fromSubConnector\":0,\"toOperator\":\"task2\",\"toConnector\":\"input_1\",\"toSubConnector\":0},\"17\":{\"fromOperator\":\"task3\",\"fromConnector\":\"output_1\",\"fromSubConnector\":0,\"toOperator\":\"task6\",\"toConnector\":\"input_1\",\"toSubConnector\":0},\"18\":{\"fromOperator\":\"route:if-else2\",\"fromConnector\":\"output_1\",\"fromSubConnector\":0,\"toOperator\":\"route:break1\",\"toConnector\":\"input_1\",\"toSubConnector\":0},\"19\":{\"fromOperator\":\"route:break1\",\"fromConnector\":\"output_1\",\"fromSubConnector\":0,\"toOperator\":\"task2\",\"toConnector\":\"input_1\",\"toSubConnector\":0},\"20\":{\"fromOperator\":\"task2\",\"fromConnector\":\"output_1\",\"fromSubConnector\":0,\"toOperator\":\"route:if-else5\",\"toConnector\":\"input_1\",\"toSubConnector\":0},\"21\":{\"fromOperator\":\"route:if-else5\",\"fromConnector\":\"output_1\",\"fromSubConnector\":0,\"toOperator\":\"task3\",\"toConnector\":\"input_1\",\"toSubConnector\":0},\"22\":{\"fromOperator\":\"route:if-else5\",\"fromConnector\":\"output_2\",\"fromSubConnector\":0,\"toOperator\":\"task4\",\"toConnector\":\"input_1\",\"toSubConnector\":0},\"23\":{\"fromOperator\":\"task6\",\"fromConnector\":\"output_1\",\"fromSubConnector\":0,\"toOperator\":\"end\",\"toConnector\":\"input_1\",\"toSubConnector\":0},\"24\":{\"fromOperator\":\"task4\",\"fromConnector\":\"output_1\",\"fromSubConnector\":0,\"toOperator\":\"end\",\"toConnector\":\"input_1\",\"toSubConnector\":0}},\"operatorTypes\":{}}','* * * * *','enabled',NULL),('CustExample','{\"operators\":{\"start\":{\"top\":20,\"left\":20,\"properties\":{\"objecttype\":\"startnode\",\"class\":\"flowchart-start-operator\",\"runbookid\":\"\",\"runbookname\":\"\",\"title\":\"Start\",\"inputs\":{},\"outputs\":{\"output_1\":{\"label\":\"Begin\"}}}},\"end\":{\"top\":20,\"left\":980,\"properties\":{\"objecttype\":\"endnode\",\"class\":\"flowchart-end-operator\",\"runbookid\":\"\",\"runbookname\":\"\",\"title\":\"Stop\",\"inputs\":{\"input_1\":{\"label\":\"End\"}},\"outputs\":{}}},\"route:continue1\":{\"top\":220,\"left\":880,\"properties\":{\"objecttype\":\"route:continue\",\"class\":\"flowchart-route-operator-continue\",\"title\":\"Continue\",\"inputs\":{\"input_1\":{\"label\":\"In\",\"conntype\":\"input\"}},\"outputs\":{\"output_1\":{\"label\":\"Out\",\"conntype\":\"output\"}},\"loopid\":\"route:foreach1\"}},\"task1\":{\"top\":140,\"left\":120,\"properties\":{\"objecttype\":\"task\",\"class\":\"flowchart-task-operator\",\"runbookid\":\"\",\"runbookname\":\"\",\"title\":\"Cust List\",\"inputs\":{\"input_1\":{\"label\":\"In\"}},\"outputs\":{\"output_1\":{\"label\":\"Out\"}},\"task\":{\"taskname\":\"VP MySQL Query\",\"parameters\":\"{\\n\\\"user\\\":\\\"root\\\",\\n\\\"password\\\":\\\"Idlgeah2016!!\\\",\\n\\\"database\\\":\\\"sampledata\\\",\\n\\\"host\\\":\\\"localhost\\\",\\n\\\"port\\\":\\\"3306\\\",\\n\\\"query\\\":\\\"select * from sampledata.sample_customers\\\",\\n\\\"arrayname\\\":\\\"customeraddrs\\\",\\n\\\"queryoutput\\\":\\\"/var/www/html/pilot/tmp/files/cust.json\\\"\\n}\",\"runbookname\":\"WF Tasks\",\"runbookid\":\"WFTasks\"}}},\"route:foreach1\":{\"top\":240,\"left\":280,\"properties\":{\"objecttype\":\"route:foreach\",\"class\":\"flowchart-route-operator\",\"title\":\"Each Customer\",\"inputs\":{\"input_1\":{\"conntype\":\"input\",\"label\":\"In\"}},\"outputs\":{\"output_1\":{\"conntype\":\"output\",\"label\":\"Out\",\"targetobject\":\"customeraddrs\"}},\"loopid\":\"route:foreach1\"}},\"task2\":{\"top\":120,\"left\":660,\"properties\":{\"objecttype\":\"task\",\"class\":\"flowchart-task-operator\",\"runbookid\":\"\",\"runbookname\":\"\",\"title\":\"Name and Street\",\"inputs\":{\"input_1\":{\"label\":\"In\"}},\"outputs\":{\"output_1\":{\"label\":\"Out\"}},\"task\":{\"taskname\":\"VP Write To File\",\"parameters\":\"{\\n\\\"filename\\\":\\\"/var/www/html/pilot/tmp/files/nameandstreet.txt\\\",\\n\\\"data\\\":\\\"Customer %route:foreach1|customeraddrs|custname% is on street %route:foreach1|customeraddrs|custstreet%\\\"\\n}\\n\",\"runbookname\":\"WF Tasks\",\"runbookid\":\"WFTasks\"}}},\"task3\":{\"top\":260,\"left\":660,\"properties\":{\"objecttype\":\"task\",\"class\":\"flowchart-task-operator\",\"runbookid\":\"\",\"runbookname\":\"\",\"title\":\"City and State\",\"inputs\":{\"input_1\":{\"label\":\"In\"}},\"outputs\":{\"output_1\":{\"label\":\"Out\"}},\"task\":{\"taskname\":\"VP Write To File\",\"parameters\":\"{\\n\\\"filename\\\":\\\"/var/www/html/pilot/tmp/files/nameandstreet.txt\\\",\\n\\\"data\\\":\\\"Customer %route:foreach1|customeraddrs|custname% city is %route:foreach1|customeraddrs|custname% and state is %route:foreach1|customeraddrs|custstate%\\\"\\n}\\n\",\"runbookname\":\"WF Tasks\",\"runbookid\":\"WFTasks\"}}},\"route:if-else1\":{\"top\":160,\"left\":460,\"properties\":{\"objecttype\":\"route:if-else\",\"class\":\"flowchart-route-operator\",\"title\":\"If Else\",\"inputs\":{\"input_1\":{\"conntype\":\"input\",\"label\":\"In\"}},\"outputs\":{\"output_1\":{\"conntype\":\"output\",\"label\":\"Street\",\"parameter\":\"%route:foreach1|customeraddrs|custname%\",\"comparison\":\"=\",\"value\":\"VirtuOps\"},\"output_2\":{\"conntype\":\"output\",\"label\":\"CityState\",\"parameter\":\"%route:foreach1|customeraddrs|custname%\",\"comparison\":\"<>\",\"value\":\"VirtuOps\"}}}}},\"links\":{\"0\":{\"fromOperator\":\"start\",\"fromConnector\":\"output_1\",\"fromSubConnector\":0,\"toOperator\":\"task1\",\"toConnector\":\"input_1\",\"toSubConnector\":0},\"1\":{\"fromOperator\":\"task1\",\"fromConnector\":\"output_1\",\"fromSubConnector\":0,\"toOperator\":\"route:foreach1\",\"toConnector\":\"input_1\",\"toSubConnector\":0},\"2\":{\"fromOperator\":\"route:foreach1\",\"fromConnector\":\"output_1\",\"fromSubConnector\":0,\"toOperator\":\"route:if-else1\",\"toConnector\":\"input_1\",\"toSubConnector\":0},\"3\":{\"fromOperator\":\"task2\",\"fromConnector\":\"output_1\",\"fromSubConnector\":0,\"toOperator\":\"route:continue1\",\"toConnector\":\"input_1\",\"toSubConnector\":0},\"4\":{\"fromOperator\":\"route:continue1\",\"fromConnector\":\"output_1\",\"fromSubConnector\":0,\"toOperator\":\"end\",\"toConnector\":\"input_1\",\"toSubConnector\":0},\"5\":{\"fromOperator\":\"route:if-else1\",\"fromConnector\":\"output_1\",\"fromSubConnector\":0,\"toOperator\":\"task2\",\"toConnector\":\"input_1\",\"toSubConnector\":0},\"6\":{\"fromOperator\":\"route:if-else1\",\"fromConnector\":\"output_2\",\"fromSubConnector\":0,\"toOperator\":\"task3\",\"toConnector\":\"input_1\",\"toSubConnector\":0},\"7\":{\"fromOperator\":\"task3\",\"fromConnector\":\"output_1\",\"fromSubConnector\":0,\"toOperator\":\"route:continue1\",\"toConnector\":\"input_1\",\"toSubConnector\":0}},\"operatorTypes\":{}}','* * * * *','enabled','stopped'),('First Flow','{\"operators\":{\"start\":{\"top\":20,\"left\":0,\"properties\":{\"objecttype\":\"startnode\",\"class\":\"flowchart-start-operator\",\"runbookid\":\"\",\"runbookname\":\"\",\"title\":\"Start\",\"inputs\":{},\"outputs\":{\"output_1\":{\"label\":\"Begin\"}}}},\"end\":{\"top\":40,\"left\":1020,\"properties\":{\"objecttype\":\"endnode\",\"class\":\"flowchart-end-operator\",\"runbookid\":\"\",\"runbookname\":\"\",\"title\":\"Stop\",\"inputs\":{\"input_1\":{\"label\":\"End\"}},\"outputs\":{}}},\"task4\":{\"top\":60,\"left\":760,\"properties\":{\"objecttype\":\"task\",\"class\":\"flowchart-task-operator\",\"runbookid\":\"\",\"runbookname\":\"\",\"title\":\"End While\",\"inputs\":{\"input_1\":{\"label\":\"In\"}},\"outputs\":{\"output_1\":{\"label\":\"Out\"}},\"task\":{\"taskname\":\"VP Write To File\",\"parameters\":\"{\\n\\\"filename\\\":\\\"/var/www/html/pilot/tmp/files/endedwhileloop.txt\\\",\\n\\\"data\\\":\\\"while loop is completed.  made it to end.\\\"\\n}\",\"runbookname\":\"WF Tasks\",\"runbookid\":\"WFTasks\"}}},\"task3\":{\"top\":320,\"left\":680,\"properties\":{\"objecttype\":\"task\",\"class\":\"flowchart-task-operator\",\"runbookid\":\"\",\"runbookname\":\"\",\"title\":\"Break While\",\"inputs\":{\"input_1\":{\"label\":\"In\"}},\"outputs\":{\"output_1\":{\"label\":\"Out\"}},\"task\":{\"taskname\":\"VP Write To File\",\"parameters\":\"{\\n\\\"filename\\\":\\\"/var/www/html/pilot/tmp/files/breakwhile.txt\\\",\\n\\\"data\\\":\\\"Break while loop here\\\"\\n}\\n\",\"runbookname\":\"WF Tasks\",\"runbookid\":\"WFTasks\"}}},\"route:break1\":{\"top\":300,\"left\":460,\"properties\":{\"objecttype\":\"route:break\",\"class\":\"flowchart-route-operator-break\",\"title\":\"Break\",\"inputs\":{\"input_1\":{\"label\":\"In\",\"conntype\":\"input\"}},\"outputs\":{\"output_1\":{\"label\":\"Out\",\"conntype\":\"output\"}},\"loopid\":\"route:while1\"}},\"route:continue1\":{\"top\":180,\"left\":660,\"properties\":{\"objecttype\":\"route:continue\",\"class\":\"flowchart-route-operator-continue\",\"title\":\"Continue\",\"inputs\":{\"input_1\":{\"label\":\"In\",\"conntype\":\"input\"}},\"outputs\":{\"output_1\":{\"label\":\"Out\",\"conntype\":\"output\"}},\"loopid\":\"route:while1\"}},\"task1\":{\"top\":80,\"left\":220,\"properties\":{\"objecttype\":\"task\",\"class\":\"flowchart-task-operator\",\"runbookid\":\"\",\"runbookname\":\"\",\"title\":\"Ping Device\",\"inputs\":{\"input_1\":{\"label\":\"In\"}},\"outputs\":{\"output_1\":{\"label\":\"Out\"}},\"task\":{\"taskname\":\"VP Ping Device\",\"parameters\":\"{\\n\\\"host\\\":\\\"localhost\\\"\\n}\",\"runbookname\":\"WF Tasks\",\"runbookid\":\"WFTasks\"}}},\"route:while1\":{\"top\":160,\"left\":40,\"properties\":{\"objecttype\":\"route:while\",\"class\":\"flowchart-route-operator\",\"title\":\"While count < 6\",\"inputs\":{\"input_1\":{\"conntype\":\"input\",\"label\":\"In\"}},\"outputs\":{\"output_1\":{\"conntype\":\"output\",\"label\":\"Out\",\"parameter\":\"counter\",\"comparison\":{\"id\":\"<\",\"text\":\"<\"},\"value\":\"6\",\"increment\":\"1\"}},\"loopid\":\"route:while1\"}},\"route:if-else1\":{\"top\":200,\"left\":280,\"properties\":{\"objecttype\":\"route:if-else\",\"class\":\"flowchart-route-operator\",\"title\":\"If Else\",\"inputs\":{\"input_1\":{\"conntype\":\"input\",\"label\":\"In\"}},\"outputs\":{\"output_1\":{\"conntype\":\"output\",\"label\":\"Alive\",\"parameter\":\"status\",\"comparison\":\"=\",\"value\":\"alive\"},\"output_2\":{\"conntype\":\"output\",\"label\":\"Not Alive\",\"parameter\":\"status\",\"comparison\":\"=\",\"value\":\"unreachable\"}}}},\"task2\":{\"top\":100,\"left\":460,\"properties\":{\"objecttype\":\"task\",\"class\":\"flowchart-task-operator\",\"runbookid\":\"\",\"runbookname\":\"\",\"title\":\"Log Pings\",\"inputs\":{\"input_1\":{\"label\":\"In\"}},\"outputs\":{\"output_1\":{\"label\":\"Out\"}},\"task\":{\"taskname\":\"VP Write To File\",\"parameters\":\"{\\n\\\"filename\\\":\\\"/var/www/html/pilot/tmp/files/LoopPing.txt\\\",\\n\\\"data\\\":\\\"Pinged %host% is %status% %counter% times\\\"\\n}\\n\",\"runbookname\":\"WF Tasks\",\"runbookid\":\"WFTasks\"}}}},\"links\":{\"0\":{\"fromOperator\":\"route:break1\",\"fromConnector\":\"output_1\",\"fromSubConnector\":0,\"toOperator\":\"task3\",\"toConnector\":\"input_1\",\"toSubConnector\":0},\"1\":{\"fromOperator\":\"route:if-else1\",\"fromConnector\":\"output_2\",\"fromSubConnector\":0,\"toOperator\":\"route:break1\",\"toConnector\":\"input_1\",\"toSubConnector\":0},\"2\":{\"fromOperator\":\"task1\",\"fromConnector\":\"output_1\",\"fromSubConnector\":0,\"toOperator\":\"route:if-else1\",\"toConnector\":\"input_1\",\"toSubConnector\":0},\"3\":{\"fromOperator\":\"task3\",\"fromConnector\":\"output_1\",\"fromSubConnector\":0,\"toOperator\":\"end\",\"toConnector\":\"input_1\",\"toSubConnector\":0},\"4\":{\"fromOperator\":\"route:continue1\",\"fromConnector\":\"output_1\",\"fromSubConnector\":0,\"toOperator\":\"task4\",\"toConnector\":\"input_1\",\"toSubConnector\":0},\"5\":{\"fromOperator\":\"route:if-else1\",\"fromConnector\":\"output_1\",\"fromSubConnector\":0,\"toOperator\":\"task2\",\"toConnector\":\"input_1\",\"toSubConnector\":0},\"6\":{\"fromOperator\":\"start\",\"fromConnector\":\"output_1\",\"fromSubConnector\":0,\"toOperator\":\"route:while1\",\"toConnector\":\"input_1\",\"toSubConnector\":0},\"7\":{\"fromOperator\":\"route:while1\",\"fromConnector\":\"output_1\",\"fromSubConnector\":0,\"toOperator\":\"task1\",\"toConnector\":\"input_1\",\"toSubConnector\":0},\"8\":{\"fromOperator\":\"task2\",\"fromConnector\":\"output_1\",\"fromSubConnector\":0,\"toOperator\":\"route:continue1\",\"toConnector\":\"input_1\",\"toSubConnector\":0},\"9\":{\"fromOperator\":\"task4\",\"fromConnector\":\"output_1\",\"fromSubConnector\":0,\"toOperator\":\"end\",\"toConnector\":\"input_1\",\"toSubConnector\":0}},\"operatorTypes\":{}}','* * * * *','enabled','stopped'),('Read Data','{\"operators\":{\"start\":{\"top\":140,\"left\":0,\"properties\":{\"objecttype\":\"startnode\",\"class\":\"flowchart-start-operator\",\"runbookid\":\"\",\"runbookname\":\"\",\"title\":\"Start\",\"inputs\":{},\"outputs\":{\"output_1\":{\"label\":\"Begin\"}}}},\"end\":{\"top\":20,\"left\":1020,\"properties\":{\"objecttype\":\"endnode\",\"class\":\"flowchart-end-operator\",\"runbookid\":\"\",\"runbookname\":\"\",\"title\":\"Stop\",\"inputs\":{\"input_1\":{\"label\":\"End\"}},\"outputs\":{}}},\"task2\":{\"top\":140,\"left\":560,\"properties\":{\"objecttype\":\"task\",\"class\":\"flowchart-task-operator\",\"runbookid\":\"\",\"runbookname\":\"\",\"title\":\"Device Dead\",\"inputs\":{\"input_1\":{\"label\":\"In\"}},\"outputs\":{\"output_1\":{\"label\":\"Out\"}},\"task\":{\"taskname\":\"VP Write To File\",\"parameters\":\"{\\n\\\"filename\\\":\\\"/var/www/html/pilot/tmp/files/devicedead.txt\\\",\\n\\\"data\\\":\\\"This device is status\\\"\\n}\",\"runbookname\":\"WF Tasks\",\"runbookid\":\"WFTasks\"}}},\"task1\":{\"top\":40,\"left\":340,\"properties\":{\"objecttype\":\"task\",\"class\":\"flowchart-task-operator\",\"runbookid\":\"\",\"runbookname\":\"\",\"title\":\"Ping Device\",\"inputs\":{\"input_1\":{\"label\":\"In\"}},\"outputs\":{\"output_1\":{\"label\":\"Out\"}},\"task\":{\"taskname\":\"VP Ping Device\",\"parameters\":\"{\\n\\\"host\\\":\\\"localhost\\\"\\n}\",\"runbookname\":\"WF Tasks\",\"runbookid\":\"WFTasks\"}}},\"task5\":{\"top\":40,\"left\":760,\"properties\":{\"objecttype\":\"task\",\"class\":\"flowchart-task-operator\",\"runbookid\":\"\",\"runbookname\":\"\",\"title\":\"DeviceAlive\",\"inputs\":{\"input_1\":{\"label\":\"In\"}},\"outputs\":{\"output_1\":{\"label\":\"Out\"}},\"task\":{\"taskname\":\"VP Write To File\",\"parameters\":\"{\\n\\\"filename\\\":\\\"/var/www/html/pilot/tmp/files/DeviceAlive.txt\\\",\\n\\\"data\\\":\\\"This device is status\\\"\\n}\\n\",\"runbookname\":\"WF Tasks\",\"runbookid\":\"WFTasks\"}}},\"route:if-else1\":{\"top\":40,\"left\":540,\"properties\":{\"objecttype\":\"route:if-else\",\"class\":\"flowchart-route-operator\",\"title\":\"If Else\",\"inputs\":{\"input_1\":{\"conntype\":\"input\",\"label\":\"status\"}},\"outputs\":{\"output_1\":{\"conntype\":\"output\",\"label\":\"Alive\",\"parameter\":\"status\",\"comparison\":\"=\",\"value\":\"alive\"},\"output_2\":{\"conntype\":\"output\",\"label\":\"Not Alive\",\"parameter\":\"status\",\"comparison\":\"=\",\"value\":\"unreachable\"}}}},\"task4\":{\"top\":160,\"left\":240,\"properties\":{\"objecttype\":\"task\",\"class\":\"flowchart-task-operator\",\"runbookid\":\"\",\"runbookname\":\"\",\"title\":\"Output A\",\"inputs\":{\"input_1\":{\"label\":\"In\"}},\"outputs\":{\"output_1\":{\"label\":\"Out\"}},\"task\":{\"taskname\":\"VP Write To File\",\"parameters\":\"{\\n\\\"filename\\\":\\\"/var/www/html/pilot/tmp/files/outputA.txt\\\",\\n\\\"data\\\":\\\"OutputA has been written to\\\"\\n}\\n\\t\",\"runbookname\":\"WF Tasks\",\"runbookid\":\"WFTasks\"}}},\"task6\":{\"top\":140,\"left\":920,\"properties\":{\"objecttype\":\"task\",\"class\":\"flowchart-task-operator\",\"runbookid\":\"\",\"runbookname\":\"\",\"title\":\"Log X Times\",\"inputs\":{\"input_1\":{\"label\":\"In\"}},\"outputs\":{\"output_1\":{\"label\":\"Out\"}},\"task\":{\"taskname\":\"VP Write To File\",\"parameters\":\"{\\n\\\"filename\\\":\\\"/var/www/html/pilot/tmp/files/outputC.txt\\\",\\n\\\"data\\\":\\\"OutputC has been written to\\\"\\n}\",\"runbookname\":\"WF Tasks\",\"runbookid\":\"WFTasks\"}}},\"route:while1\":{\"top\":220,\"left\":760,\"properties\":{\"objecttype\":\"route:while\",\"class\":\"flowchart-route-operator\",\"title\":\"While x < 10\",\"inputs\":{\"input_1\":{\"conntype\":\"input\",\"label\":\"In\"}},\"outputs\":{\"output_1\":{\"conntype\":\"output\",\"label\":\"Out\",\"parameter\":\"counter\",\"comparison\":{\"id\":\"<\",\"text\":\"<\"},\"value\":\"10\",\"increment\":\"1\"}}}},\"route:while2\":{\"top\":40,\"left\":120,\"properties\":{\"objecttype\":\"route:while\",\"class\":\"flowchart-route-operator\",\"title\":\"While x < 3\",\"inputs\":{\"input_1\":{\"conntype\":\"input\",\"label\":\"In\"}},\"outputs\":{\"output_1\":{\"conntype\":\"output\",\"label\":\"Out\",\"parameter\":\"counter\",\"comparison\":{\"id\":\"<=\",\"text\":\"<=\"},\"value\":\"3\",\"increment\":\"1\"}}}}},\"links\":{\"0\":{\"fromOperator\":\"task1\",\"fromConnector\":\"output_1\",\"fromSubConnector\":0,\"toOperator\":\"route:if-else1\",\"toConnector\":\"input_1\",\"toSubConnector\":0},\"1\":{\"fromOperator\":\"route:if-else1\",\"fromConnector\":\"output_1\",\"fromSubConnector\":0,\"toOperator\":\"task5\",\"toConnector\":\"input_1\",\"toSubConnector\":0},\"2\":{\"fromOperator\":\"route:if-else1\",\"fromConnector\":\"output_2\",\"fromSubConnector\":0,\"toOperator\":\"task2\",\"toConnector\":\"input_1\",\"toSubConnector\":0},\"3\":{\"fromOperator\":\"task2\",\"fromConnector\":\"output_1\",\"fromSubConnector\":0,\"toOperator\":\"route:while1\",\"toConnector\":\"input_1\",\"toSubConnector\":0},\"4\":{\"fromOperator\":\"route:while1\",\"fromConnector\":\"output_1\",\"fromSubConnector\":0,\"toOperator\":\"task6\",\"toConnector\":\"input_1\",\"toSubConnector\":0},\"5\":{\"fromOperator\":\"start\",\"fromConnector\":\"output_1\",\"fromSubConnector\":0,\"toOperator\":\"route:while2\",\"toConnector\":\"input_1\",\"toSubConnector\":0},\"6\":{\"fromOperator\":\"route:while2\",\"fromConnector\":\"output_1\",\"fromSubConnector\":0,\"toOperator\":\"task4\",\"toConnector\":\"input_1\",\"toSubConnector\":0},\"7\":{\"fromOperator\":\"task5\",\"fromConnector\":\"output_1\",\"fromSubConnector\":0,\"toOperator\":\"end\",\"toConnector\":\"input_1\",\"toSubConnector\":0},\"8\":{\"fromOperator\":\"task4\",\"fromConnector\":\"output_1\",\"fromSubConnector\":0,\"toOperator\":\"task1\",\"toConnector\":\"input_1\",\"toSubConnector\":0},\"10\":{\"fromOperator\":\"task6\",\"fromConnector\":\"output_1\",\"fromSubConnector\":0,\"toOperator\":\"end\",\"toConnector\":\"input_1\",\"toSubConnector\":0}},\"operatorTypes\":{}}','* * * * *','enabled','stopped');
/*!40000 ALTER TABLE `workflows` ENABLE KEYS */;
UNLOCK TABLES;
/*!40103 SET TIME_ZONE=@OLD_TIME_ZONE */;

/*!40101 SET SQL_MODE=@OLD_SQL_MODE */;
/*!40014 SET FOREIGN_KEY_CHECKS=@OLD_FOREIGN_KEY_CHECKS */;
/*!40014 SET UNIQUE_CHECKS=@OLD_UNIQUE_CHECKS */;
/*!40101 SET CHARACTER_SET_CLIENT=@OLD_CHARACTER_SET_CLIENT */;
/*!40101 SET CHARACTER_SET_RESULTS=@OLD_CHARACTER_SET_RESULTS */;
/*!40101 SET COLLATION_CONNECTION=@OLD_COLLATION_CONNECTION */;
/*!40111 SET SQL_NOTES=@OLD_SQL_NOTES */;

-- Dump completed on 2018-05-14  8:47:14
