
	
	{"taskname":"VP Ping Device",
	"urlparams":"host",
	"actionlanguage":"perl",
	"actionfilename":"ping.pl",
	"taskdescription":"Synopsis:  Ping a device and get a result back.\\\n\\\nInput param:  host\\\nInput value expected:  hostname or IP address\\\n\\\nOutput param:  status\\\nOutput values:  alive, unreachable\\\n\\\nSample Params Config (fill in over on the left): \\\n{\\\n\"host\":\"10.23.16.193\"\\\n}",
	"tasktype":"Form",
	"datatype":"JSON",
	"fieldseparator":"",
	"recordseparator":"",
	"actioncodefile":"ping.pl",
	"libs":[{"module1":"Net::Ping"}]
	}

